observation_id,community_id,source_id,type_id,page,year_recorded,month_recorded,contact_name,contact_street_address,contact_city,contact_state,contact_zip,land_street_address,land_city,land_state,land_zip,land_location_as_stated,acreage,num_residents,description,raw_text,notes
1,1,1,1,13,1976,September,,Box 1713,Eugene,OR,97401,,,OR,,southern Oregon,145,,"Oregon Women's Land Trust has bought 145 acres in southern Oregon, as part of an effort to give women control over their own destinies through land trusts, available to all women and children whether to live there or just stop, camp out, and relax.","LAND TRUSTS FOR WOMEN is an effort to give women control over their own destinies. Two groups of women have researched the concept of land trusts, and formed groups to acquire land for all women and children at all times. This would promote the spiritual, emotional, physical, cultural, and economic well-being of women, and preserve the land. Many of us love nature deeply, and need to live with green all around us and be self-sufficient. We feel caged in polluted, violent cities where we survive day to day by doing meaningless work or by standing in welfare lines. Financially poor women are unable to buy rural property. Private ownership creates hassles anyway. Putting land in a land trust removes it from the speculative market. It would be available to all women and children, whether they want to live there or just stop for a short time, camp out, and relax. We can help women set up local land trusts, or they can join us. Oregon Women's Land Trust has bought 145 acres in southern Oregon. Write OWLT, Box 1713, Eugene, OR, 97401, or California Women's Land Trust, c/o Carole & Yolanda, 1538 N. St. Andrews, Hollywood, CA, 90028.","Listed jointly with California Women's Land Trust in one paragraph headed LAND TRUSTS FOR WOMEN; raw_text is the full shared paragraph. Accepted groups inferred from ""all women and children."" Focus: working-class from ""Financially poor women are unable to buy rural property"" (the listing says ""financially poor,"" not ""working class""); farming/self-sufficiency from ""need to live with green all around us and be self-sufficient."""
2,2,1,5,13,1976,September,Carole & Yolanda,1538 N. St. Andrews,Hollywood,CA,90028,,,CA,,,,,"California Women's Land Trust, one of two land-trust groups formed to acquire land for all women and children; the listing gives a contact address but no land.","LAND TRUSTS FOR WOMEN is an effort to give women control over their own destinies. Two groups of women have researched the concept of land trusts, and formed groups to acquire land for all women and children at all times. This would promote the spiritual, emotional, physical, cultural, and economic well-being of women, and preserve the land. Many of us love nature deeply, and need to live with green all around us and be self-sufficient. We feel caged in polluted, violent cities where we survive day to day by doing meaningless work or by standing in welfare lines. Financially poor women are unable to buy rural property. Private ownership creates hassles anyway. Putting land in a land trust removes it from the speculative market. It would be available to all women and children, whether they want to live there or just stop for a short time, camp out, and relax. We can help women set up local land trusts, or they can join us. Oregon Women's Land Trust has bought 145 acres in southern Oregon. Write OWLT, Box 1713, Eugene, OR, 97401, or California Women's Land Trust, c/o Carole & Yolanda, 1538 N. St. Andrews, Hollywood, CA, 90028.","Listed jointly with Oregon Women's Land Trust in one paragraph headed LAND TRUSTS FOR WOMEN; raw_text is the full shared paragraph. land_state inferred from the trust's name; the listing does not say where, or whether, it held land. Typed as Land Fund/Seeking Land because the listing says only that the groups formed ""to acquire land,"" unlike OWLT, which ""has bought 145 acres."" Accepted groups inferred from ""all women and children."" Focus: working-class from ""Financially poor women are unable to buy rural property"" (the listing says ""financially poor,"" not ""working class""); farming/self-sufficiency from ""need to live with green all around us and be self-sufficient."""
3,3,1,2,13,1976,September,,PO Box 521,Fayetteville,AR,72701,,,AR,,northwest Arkansas,80,,"Has ""secured"" 80 acres in northwest Arkansas as the beginning of a women's land trust; still researching how to form the trust. Will live only with dykes and relate to female children only. No buildings yet; plans to stress farming to feed women on the land and in the cities; needs money to pay off the land. Emphasizes the need to work. No dogs.","WOMEN ON LAND has ""secured"" 80 acres of land in northwest Arkansas as a beginning for a women's land trust. We are investigating and researching the details of how to form a land trust. We believe a land trust is a way each woman involved with this land can have equal access and responsibility to the land to the feminist community. The concept of a land trust can take care of legal trips and power trips. The land can be legally ""owned"" by the land trust and each woman could have lease for lifetime use of the land. There is much to be worked out, but we want you to know that no woman woman will get ripped off after putting in her time, energy, work, or money. It is difficult to review all the research and energy into laws, qualifying to fit their rules, and at the same time, trying to build a new culture, but we have to use their laws for some measure of protection against them. We will live only with dykes. We wish to relate to female children only - male children would be too sexist an influence on a developing women's environment. We want to stress farming on this land to raise food to feed the women on the land and support sisters in the cities. There are no buildings on the land, just 80 acres of beautiful trees, a waterfall, a creek, and lots of painful bugs. We need to share the responsibility for getting money to pay off the land, for gathering tools, building materials, seed, horse, windmill. We are open to any woman who wants to relate to this land whether she wants to stay full-time, work for the summer, camp and work, spend the weekend, or stay here on the way cross country. We do want to emphasize the need to work. When you write, describe yourself, your politics, what you can offer and why you want to come. (No dogs please.) Send a stamped, self-addressed envelope to Women on Land, PO Box 521, Fayetteville, Arkansas, 72701.","Typed as Intentional Community/Cooperative: the group appears to be living on the land already (""We will live only with dykes""). The land is ""secured"" (the listing's quotation marks) but not yet paid off; an unpaid mortgage alone does not make it a land fund. Accepted groups from ""We will live only with dykes"" and ""female children only""; the listing also says it is open to ""any woman who wants to relate to this land,"" which is in tension with this. ""no woman woman"" is a typo in the original."
4,4,1,2,13,1976,September,,"Box 4D, Aeneaes Valley Road",Tonasket,WA,98855,,,WA,,eastern foothills of the Cascade mountains in Washington,,3,"A small lesbian farm in the eastern foothills of the Cascades. Two women and one child, with many visitors, began rebuilding an old farm valley as a place for all women to work, live, or visit: a cabin to become a community center, a well, a chicken coop, a sauna. Planned a children's space, a playground, an herb garden, a June festival, and health workshops.","SAPPHA SURVIVAL SCHOOL is a small lesbian farm in the eastern foothills of the Cascade mountains in Washington. One woman who stayed there for a week last summer wrote the following about SSS. ""Two women and one child, with many visitors, started this spring to rebuild an old farm valley into a place for all women to work and live, or visit. I helped rebuild the old cabin, later to be the community center, helped dig a well, and build a chicken coop. Freedom and Dykepride run strong - the valley is isolated enough to remove society's inhibitions and its censure of lesbians. Olivia Newton Outhouse is presently open to the sky and a valley view, stream water is pumped to flow between pine branches for the shower and half naked Amazons are everywhere! Evening relaxation is often a sauna, fueled by hot rocks and followed by a dip in the stream."" This summer they planned on more structures including a children's space scaled to their size, and an outrageous playground scaled to everybody's size. They also planned an herb garden, a festival in June, and workshops on health. To find out more, write: SSS, Box 4D, Aeneaes Valley Road, Tonasket, WA, 98855.","num_residents from a visitor's account of the previous summer (""Two women and one child""); includes the child. Accepted groups: ""lesbian farm"" and ""a place for all women""; children inferred from ""one child"" and ""a children's space,"" gender not stated. Contact address spelled ""Aeneaes"" as printed."
5,5,1,5,13,1976,September,,"RR1, Box 42A",Tishomingo,OK,73460,,,OK,,wilderness area of Oklahoma near Tishomingo,70,,"Opening soon: 70 acres near Tishomingo, OK, for camping or year-round living, with women working together in recreation, farming, and growing. Residents to maintain their own shelter; a community garden as the main food source; $5/month paid toward the land. Still raising money to complete negotiations and be on the land within 30 days. Run by the non-profit Sisters of Diana, Inc.","ANOTHER DEMENTION is opening soon to accomodate women who are seeking a space on the land working together with other women in areas of recreation, farming, and general growing. 70 acres will be available for camping and/or year-round living in beautiful wilderness area of Oklahoma near Tishomingo, capitol of the chicasaw nation. A variety of flora and fauna abound in the area of the wildlife refuge 3 miles away and can be enjoyed while canoeing down the blue river or pennington creek. Wild mustangs adopted through the government will be among the horses in residence eager to offer alternative means of transportation around the area for exploration and enjoyment. Womancraft can be sold in distribution outlet store on roadfront or consigned to be distributed by the MAGIC FERRY to the FERRY DYKINGS and other contact points across the country. Women in residence will maintain their own shelter and be responsible for their own life-support needs. A community garden will be the major food source operating on cooperative energy. Monthly rate for any number of days spent on the land is $5.00, payable on or before each new moon. This money will be used for payment of the land. Financial priorities are pressing now - money is being raised to expedite the negotiations and be on the land within 30 days. We are a non-profit association and any donation is tax-exempt. Send any contributions to: Sisters of Diana, Inc., RR1, Box 42A, Tishomingo, OK, 73460. Loan contracts also honored.","Continues on p. 14. Typed as Land Fund/Seeking Land: the group is still raising money ""to expedite the negotiations and be on the land within 30 days."" Acreage is the 70 acres that ""will be available,"" not yet held. Accepted groups inferred from ""women""; the listing does not mention lesbians or children. Name spelled ""Demention"" as printed."
6,6,1,2,14,1976,September,Joanie,3100 Ridgewood Rd.,Willits,CA,95490,,,CA,,northern California,17,4,"Four women living on 17 secluded acres in northern California, looking for other lesbian separatists to join them. There is a small cabin; newcomers must build their own sleeping structure and help with land payments. They hope dykes will buy the adjacent land for sale ($17,000, $3,400 down). Dykes passing through are welcome to visit.","FOUR WOMEN living on 17 secluded acres in northern California are looking for other lesbian separatists to join them. There's a small cabin but women interested in joining them need to build their own sleeping structure and help with land payments. They are hoping that dykes will buy the land adjacent to them that is for sale for $17,000 ($3,400 down). Dykes passing through northern California are welcome to visit. Contact Joanie, 3100 Ridgewood Rd., Willits, CA, 95490 - Phone 707 459-5776.","Typed as Intentional Community/Cooperative: four women living together and recruiting others to ""help with land payments,"" which suggests shared rather than individual ownership; the listing does not say who holds title. Accepted groups from ""lesbian separatists"" and ""dykes."""
7,7,1,3,14,1976,September,,PO Box D-11,Vail,AZ,85641,,,AZ,,25 miles southeast of Tucson,160,,"160 acres 25 miles southeast of Tucson, bought by one woman to be used by any woman interested. Women and children can rent space (an A-frame, plus land for camping) by the night or month. Needs financial support: every $2 donated earns one free night of camping, good for life.","NOURISHING SPACE FOR WOMEN is located on 160 acres 25 miles southeast of Tucson that a woman has bought to be used by any woman interested. There is space for women and children to rent (there is an A-frame and plenty of land to camp on) on a nightly or monthly basis. They need a lot of financial support so for every $2 a woman donates, she is entitled to one free night of camping available any time in her life. In return for a donation they will send information and directions. Send a stamped, self-addressed envelope to Cave Canyon Ranch, PO Box D-11, Vail, AZ, 85641.","Typed as Private/Individual Land: ""a woman has bought"" the land ""to be used by any woman interested""; stays can be nightly or monthly. Accepted groups from ""any woman interested"" and ""space for women and children""; children's gender not stated."
8,8,1,2,14,1976,September,,"Samson Road Farm, Samson Rd.",Ashfield,MA,01330,"Samson Road Farm, Samson Rd.",Ashfield,MA,01330,a farm in Massachusetts,,,"Women ""squatting"" on a farm in Massachusetts; told to leave but hanging on. They want the space for women only, no men, and need women to stay with them indefinitely for the action, plus financial support. LC notes its information is incomplete.","ASHFIELD FARM WOMEN are ""squatting"" on a farm in Massachusetts. They have been told to leave but they are hanging on. They want the space for women - no men. They need women to stay with them indefinitely for this action; also financial support. Sorry we don't have all the information about this, but write to the Ashfield Farm Women, Samson Road Farm, Samson Rd., Ashfield, MA 01330.","Typed as Intentional Community/Cooperative, though none of the types fits a squat: the women are occupying a farm they do not own (""squatting,"" the listing's quotation marks). Land address inferred to be the squatted farm, since mail goes to ""Samson Road Farm."" Accepted groups from ""space for women - no men."""
9,9,1,4,14,1976,September,,1531 Gray's Creek Road,Grants Pass,OR,97526,1531 Gray's Creek Road,Grants Pass,OR,97526,,,5,"A feminist country retreat run by a collective of five women who open their house for workshops. Discussion groups, workshops, home-cooked food. Sliding-scale fees of $10-15/day; scholarships available; child care negotiable. Information relayed from RUNES.","WOMANSHARE is a feminist country retreat. It is run by a collective of five women who open their house for workshops to women seeking more about themselves and their lives. They say, ""we feel that living with each other in the country has helped us to become stronger, healthier, more centered, and more creative. Some of the things we have been dealing with are our feminist politics, our sexuality and our own creativity. We know that we need contact with other women and we also need to find a way to survive economically in the country. Womanshare is our way of doing this."" Fees are on a sliding scale from $10 to $15 per day. Scholarships are available and child care is negotiable. Include partial payment $10) when you register. The Womanshare Collective says, ""we would like you to come and relax, join in discussion groups and workshops, enjoy good home-cooked food, and get to know us. We feel that being in the country, having a good time with other women can be a very high experience."" For more information, write Womanshare, 1531 Gray's Creek Road, Grants Pass, OR, 97526. Thanks to RUNES for this info.","Typed as Retreat/Gathering Space from the listing's own ""a feminist country retreat,"" though a collective of five lives there. Land address inferred from ""open their house"" and a street (not PO box) contact address. Accepted groups from ""women""; children inferred from ""child care is negotiable,"" gender not stated. Listing credits RUNES as its source."
10,10,1,4,14,1976,September,Andrews/Mulholland,"RD1, Box 375A",Craryville,NY,12521,"RD1, Box 375A",Craryville,NY,12521,"the rolling Berkshire mountains in Craryville, New York",10,2,"A place in the country for women to come together away from patriarchal society; ""not a resort."" A large A-frame built solely by women, ten pasture acres for camping, and access to 90 wooded acres for hiking. Two permanent residents. A-frame rentals nightly ($3.50-5) or monthly ($70); camping $2.50/night or $40/month; work exchanges available.","WOMEN'S WAYS RETREAT is a place in the country for women to get in touch with our many ways of doing things. It is a special place where women may come together away from the daily hassles of the patriarchal society and experience the strength of a woman's culture. It is not a resort. Each woman who comes to the land makes a commitment to herself and other women thereby accepting responsibility for herself, as well as by respecting and supporting other sisters who are there. Womens Ways is located in the rolling Berkshire mountains in Craryville, New York. There is a large A-frame house built solely by women. There are ten pasture acres for camping and access to 90 wooded acres for hiking. At present there are two permanent residents. As for accomodations, it is possible to rent the A-frame on a nightly ($3.50 - $5) or monthly ($70.00 plus utilities) basis. Camping is available for $2.50 a night or $40.00 a month and access to the house and utilities is available. Work exchanges are also available, as there is never a lack of projects around. Write or call for reservations or information: Women's Ways, Andrews/Mulholland, RD1, Box 375A, Craryville, NY, 12521.- Phone 518 3[?]5-6612.","Typed as Retreat/Gathering Space (the listing's own ""Retreat""; ""It is not a resort""), though two permanent residents live there. Acreage counts only the ""ten pasture acres""; the listing also gives ""access to 90 wooded acres for hiking"" but does not say that land is theirs. Land street address inferred from the RD box contact address. Accepted groups from ""women."" [?] in raw_text marks a phone digit overtyped on the page (2 or 5)."
11,11,1,4,14,1976,September,Mary Deyoe,,Athol,NY,12810,,Athol,NY,12810,the Adirondacks,23,,"A woman's collective dedicated to supporting a retreat for all women, on 23 acres in the Adirondacks: a former mountain resort bought in 1974 by seven women. The collective women and their children live in the main house; there are four cabins and a recreation facility. Stays of a day, week or month; groups of up to 30; sliding scale of $10-25/day; reservations with deposit.","A WOMAN'S PLACE began in September, 1974 when seven women pooled their resources, purchased a former mountain resort, and established a woman's collective dedicated to the support of a retreat for all women. Women are welcome to come for a day, a week, or a month, and A Woman's Place can also be reserved for groups of up to 30 women. A Woman's Place is situated on 23 acres in the Adirondacks; there is a main house where the collective women and their children live, four large nearby cabins and a recreation facility. The rates are on a sliding scale of $10 to $25 a day. Due to reservation demands, A Woman's Place needs a definite commitment on specific dates. Along with your reservations, please send a small deposit. Write to Mary Deyoe, A Woman's Place, Athol, NY, 12810 - Phone 518 623-9541.","Typed as Retreat/Gathering Space from ""a retreat for all women,"" though the collective women and their children live there. num_residents left blank: seven women founded it in 1974, but the current number living there is not stated. Land city inferred from mail addressed to ""A Woman's Place, Athol."" Accepted groups from ""all women""; children inferred from ""the collective women and their children live,"" gender not stated."
12,12,1,2,14,1976,September,KD & Barb Aehle,"Rt. 3, Box 1708",Port Angles,WA,98362,"Rt. 3, Box 1708",Port Angles,WA,98362,the Elwha River running through the back meadow,78,5,"Two lesbians living in an 18-foot tipi at the back of 78 acres on the Elwha River, owned by the gay community of Seattle; three gay men live in the houses at the front. The land is for lesbians and gay men; the writers would like more lesbians, and the men would rather turn all 78 acres over to the dykes. Open to lesbians interested in country living or passing through.","DEAREST WOMYN: For lesbians who are interested in country living, or passing thru and need a mellow atmosphere to stay in. We live in a 18' tipi on 78 acres with trees, hay, animals and the Elwha River running through the back meadow. The property is owned by the gay community of Seattle and presently has 3 faggots living in the up front houses, and we are back near the forest land. The land is for lesbians and faggots, however more lesbians would be nice and the men here would rather turn the total 78 over to the dykes. --KD & Barb Aehle - Rt. 3, Box 1708, Port Angles, WA, 98362 - PH. 206 452-2435","Typed as Intentional Community/Cooperative: the property is ""owned by the gay community of Seattle,"" with lesbians and gay men living on it. num_residents counts the two letter-writers (""We live"") and the three gay men living in the front houses. Land address inferred from the rural route contact address; city spelled ""Port Angles"" as printed. Accepted groups from the listing's statement that the land is for lesbians and gay men."
13,11,2,,21,1982,December-January,,,,,,,Athol,NY,,"Athol, NY",,,Reported in the directory's introduction to have folded in the past year.,"When we last published a land directory in 1976, we only had 10 listings, and of those only a couple are still in existence today. In the past year A Woman's Place (Athol, NY) and Heraseed (Talmage, CA) have both folded, not to mention other lesser-known places.","Not a listing: reported folded in the directory's introduction. Land city and state from the introduction's ""(Athol, NY)."""
14,13,2,,21,1982,December-January,,,,,,,Talmage,CA,,"Talmage, CA",,,Reported in the directory's introduction to have folded in the past year.,"When we last published a land directory in 1976, we only had 10 listings, and of those only a couple are still in existence today. In the past year A Woman's Place (Athol, NY) and Heraseed (Talmage, CA) have both folded, not to mention other lesser-known places.","Not a listing: reported folded in the directory's introduction. Land city and state from the introduction's ""(Talmage, CA)."""
15,14,2,3,21,1982,December-January,,Box 19,Bryantville,MA,02327,,,MA,,"on the shore of Silver Lake, in the rapidly suburbanizing South Shore area of Massachusetts",100,2,"A couple living on 100 acres of woods, swamp, cranberry bog and gardens on Silver Lake, South Shore MA, offering camping, open space and farmwork experience to women and children. Working to organize a land trust to control the property. Rejects lesbian separatism as ""unworkable and alienating""; visitors bring food and donate $4/night; apprenticeships possible.","FEATHERS FARM Box 19, Bryantville, MA 02327 (617)585-3826. My partner & I are the only residents of Feathers Farm, 100 acres of woods, swamp, cranberry bog & gardens on the shore of Silver Lake, in the rapidly suburbanizing South Shore area of Massachusetts. We have camping facilities/open space/ farmwork experience to women and children. We are currently working to organize support and resources for a land trust to control this property. We have found lesbian separatism to be unworkable and alienating approach to this endeavor and expect unconditional acceptance of this from our visitors (whom we welcome AND encourage). We request that visitors bring their own food & donate $4/night camping fee, flexible. We often work out other arrangements for longer term apprenticeships or short term large groups. It is helpful if visits are preceeded by at least a phone-call, preferably a letter.","Free-text listing (no ""We welcome/We have"" form). Typed as Private/Individual Land: a couple (""My partner & I are the only residents"") hosting visitors while working to organize a land trust to control the property. Accepted groups: lesbians implied by the directory; ""women and children"" gives non-lesbian women and children, gender not stated. The listing rejects lesbian separatism. A 1983 letter from Feathers Farm (observation 56) says ""we don't own Feathers Farm, at least not yet""; type 3 is kept, since they were in the process of obtaining it privately."
16,15,2,2,21,1982,December-January,,"Rt 1, Box 2420",Troy,ME,04987,"Rt 1, Box 2420",Troy,ME,04987,Maine mountains/woodland,113,4,"113 acres of Maine mountains and woodland with housing, camping space and woods; women living and working on the land. Parcels available for sale and/or building; welcomes new members and lesbians interested in buying land. Space for camping, hiking, raspberry picking.","WOMONGROUND Rt 1, Box 2420, Troy, ME 04987. 113 acres of Maine mountains/woodland. Parcels available for sale and/or building. Also plenty of space for camping, hiking, raspberry picking. Will answer all letters promptly. We welcome: new members/residents, girl children, nonlesbian women, lesbians interested in buying land. We have/are: 4 lesbians, 113 acres, housing/permanent structures, camping space, woods, women working and living on the land.","Typed as Intentional Community/Cooperative: women living and working on the land and seeking new members/residents. The listing also offers ""Parcels available for sale,"" a land-sale model none of the types captures. num_residents from ""4 lesbians"" plus ""women working and living on the land""; the form does not say all four live there. Land address inferred from the rural route contact address. Accepted groups: lesbians implied by the directory and named (""lesbians interested in buying land""); nonlesbian women and girl children from ""We welcome."""
17,16,2,2,21,1982,December-January,,Box 51A,Hinesburg,VT,05461,,,VT,,15 miles from town with jobs,20,0,"20 acres with a creek, woods and open land, and two dyke-built dwellings, without plumbing or electricity. Owned by a dyke collective, none of whom live there now; currently rented to heterosexuals. Interested in dyke renters. 15 miles from a town with jobs.","GENEROUS EARTH LAND Box 51A, Hinesburg, VT 05461. 20 acres, creek, woods, open. 2 dyke-built dwellings, one large, one small. No plumbing or electricity. None of the dyke collective owners live there now. It's rented to hets. Interested in dyke renters. 15 miles from town with jobs. Write before visiting.","Typed as Intentional Community/Cooperative for its collective ownership (""dyke collective owners""), though none of the owners live there now. num_residents is 0 because ""None of the dyke collective owners live there now""; the heterosexual renters are not members of the land community and are not counted. Accepted groups: lesbians implied by the directory and ""Interested in dyke renters""; the current heterosexual tenants are not coded as a welcomed group. Free-text listing (no ""We welcome/We have"" form)."
18,17,2,2,21,1982,December-January,,Box 226,E Hardwick,VT,05836,,,VT,,,17,3,"A working homestead farm: draft horse, dairy goats, chickens, vegetarian and largely self-sufficient, with an all-lesbian maple sugar bush. Offers year-round space to women needing retreat or a temporary living situation; ski weekends ($35 plus meals), summer work exchange, and workshops in holistic health, survival skills, yoga and organic gardening. Welcomes community members; will lease land to women to build a cabin or tipi.","GREENHOPE Box 226, E Hardwick, VT 05836. (802)533-7772. At present we are a working homestead farm. We offer year round space to women needing retreat or temporary living situation. We have gorgeous secluded land and campsites. Hope to build visitor cabins this summer. Women from the Boston area visit almost every weekend. Right now we are offering x-country ski weekends — $35 plus meals is the fee. In summer we offer work exchange. We have an all lesbian maple sugar bush — the only one I know of. We work with a draft horse, raise dairy goats and chickens. We are vegetarians raising nearly all our food organically here. We welcome community members and will lease land to women wanting to build a cabin or tipi. We offer workshops in holistic health, survival skills, yoga, and organic gardening. Winter activities include skiing (x-country and downhill), horse drawn sleigh rides, cozy fireplace, music and dance. We welcome: new members/residents, girl and boy children, nonlesbian women, dogs, horses. We have/are: 3 lesbians, 17 acres, housing/permanent structures, plumbing/electricity, camping spaces, woods, farm land, women living and working on the land.","Continues on p. 22. Typed as Intentional Community/Cooperative: describes itself as ""a working homestead farm"" welcoming new members/residents and leasing land to women to build on; it offers retreat space but does not call itself a retreat. num_residents from ""3 lesbians"" plus ""women living and working on the land."" Accepted groups: lesbians implied by the directory; the rest from ""We welcome."" Environmentalism focus from ""raising nearly all our food organically here."""
19,18,2,2,22,1982,December-January,,RD 1 Box 98,Monticello,NY,12701,RD 1 Box 98,Monticello,NY,12701,,21,5,"Disabled lesbians building a place for recreation and independent living for disabled people, on 21 acres with a house, plumbing/electricity, camping and farm land. Plans to open the land to disabled men within two years. Welcomes women, donations and work exchange; no space in the house now, possible openings in May. No smoking in the house.","THE BEACHTREE RD 1 Box 98, Monticello, NY 12701 (914)794-6121. Disabled lesbians trying to build recreation — independent living for disabled. Land will be opening to disabled men within next two years. We welcome women, donations, work exchange, no space in house available now. Possible openings in May. (No smoking in house). We welcome: new members/residents, girl and boy children, nonlesbian women, dogs. We have/are: 5 lesbians, 21 acres, housing/permanent structures, plumbing/electricity, camping space, woods, farm land, women living on the land.","Community of disabled lesbians building ""recreation — independent living for disabled."" Plans to open the land ""to disabled men within next two years""; men not coded as welcome now (directory default: males not welcome unless stated). num_residents from ""5 lesbians"" plus ""women living on the land."" Land address inferred from the RD box contact address. Accepted groups: lesbians implied by the directory; the rest from ""We welcome."""
20,19,2,3,22,1982,December-January,Susan Stone,124 Maplewood Ave,Philadelphia,PA,19144,,,PA,,north central PA,22,0,"One lesbian owns 22 acres in north central PA, half wooded and half clear, with electricity available, an undeveloped spring and no improvements. She is interested in having people develop the land in return for a long-term lease.","SUSAN STONE 124 Maplewood Ave, Philadelphia, PA 19144. I have 22 acres of land in north central PA. There is a spring site, but it needs to be developed. The land is ½ wooded and ½ clear. Electricity is available. There are no improvements to the property. I would be interested in having people develop the land in return for a long term lease. I welcome: letters. I have/am: 1 lesbian, 22 acres, camping space, woods, farm land.","Typed as Private/Individual Land: ""I have 22 acres."" num_residents is 0 by inference: the owner's address is in Philadelphia and ""There are no improvements to the property""; ""1 lesbian"" is the owner, not a resident. Accepted groups: none coded. The listing welcomes only ""letters"" and seeks ""people"" to develop the land, naming no group, so the directory's implied welcome of lesbians is not applied."
21,20,2,2,22,1982,December-January,,719 N Irving St,Arlington,VA,22201,,,,,,20,,"A group of 10 lesbians creating a ""diverse, fun, spiritually and politically conscious community"" on 20 acres, living in harmony with nature and as self-sufficient as possible. Retreats, workshops, music and rituals already under way; a one-room hexagon cabin due by summer 1983.","TURTLE LAND FOR WIMMIN 719 N Irving St, Arlington, VA 22201 (703)527-7396. Our goal is to create a diverse, fun, spiritually and politically conscious community living in harmony with nature and as self-sufficient as possible. Some retreats, workshops, music, rituals, etc. are going on already. A one room hexagon cabin should be finished by Summer '83. We welcome: new members/residents, girl children, boy children (only the 2nd weekend of each month), nonlesbian women who accept that men are not welcome and accept our lesbian identification, dogs. We have/are: 10 lesbians, 20 acres, camping space, woods, women living and working on the land.","Typed as Intentional Community/Cooperative: ""Our goal is to create a... community."" num_residents left blank: ""10 lesbians"" are members, and the form checks ""women living and working on the land,"" but no housing is listed and the first cabin is not due until Summer '83. Land location not stated; the Arlington, VA contact is a city street address. Accepted groups: lesbians implied by the directory; nonlesbian women only if they ""accept that men are not welcome and accept our lesbian identification""; boy children ""only the 2nd weekend of each month."""
22,21,2,3,22,1982,December-January,Duffy Z Baum,PO Box 678,Carrboro,NC,27510,,Pittsboro,NC,,"Pittsboro, NC",50,0,"One lesbian owns 50 acres in Pittsboro, NC, with an old house and a new one under construction; she hopes to move there by next summer and wants other women to join her. The land is isolated, with big old trees. She would like it to be a haven for older dykes.","DUFFY Z BAUM PO Box 678, Carrboro, NC 27510 (919)942-5340. I own 50 acres of land in Pittsboro, NC. I am building a house on the land and also have an old house on the land. I do not live on my land but hope to by next summer. I am anxious to have other women join me on my land. The land is quite isolated and has some nice big old trees. I'd like to be a haven for older dykes. I welcome: new members/residents, girl children. I have/am: 1 lesbian, 50 acres, electricity, camping space, woods, farm land (questionable).","Typed as Private/Individual Land: ""I own 50 acres."" num_residents is 0: ""I do not live on my land but hope to by next summer""; ""1 lesbian"" is the owner. Accepted groups: lesbians implied by the directory; girl children from ""I welcome."" Nonlesbian women not coded: ""other women"" is general, and the form's welcome list does not include them."
23,22,2,2,22,1982,December-January,,Rt 2 Box 252,Luttrell,TN,37779,Rt 2 Box 252,Luttrell,TN,37779,,100,4,"100 acres with housing, plumbing, electricity and farm land; currently two members and two renters. A drug- and alcohol-free space that supports and houses the Tennessee Lesbian Archives. Visitors welcome for 1-3 days if they write or call first, and should be ready to work and contribute. No smoking in the main house or Archives.","OKRA RIDGE FARM Rt 2 Box 252, Luttrell, TN 37779 (615)992-8423. Currently two members and two renters. Drug/alcohol-free space. Support and house the Tennessee Lesbian Archives. Visitors welcome for 1-3 days, but WRITE OR CALL FIRST; be prepared to work and contribute financially if you can. No smoking in main house or Archives. We welcome: girl children. We have/are: 4 lesbians, 100 acres, housing/permanent structures, plumbing, electricity, camping space, woods, farm land, women living and working on the land.","Typed as Intentional Community/Cooperative: organized around ""members,"" with no individual owner named. num_residents counts the ""two members"" and the ""two renters"": the form's ""4 lesbians"" places the renters within the lesbian land community, unlike outside tenants (compare Generous Earth Land). Land address inferred from the rural route contact address. Accepted groups: lesbians implied by the directory; girl children from ""We welcome."""
24,23,2,2,22,1982,December-January,,PO Box 337,Monticello,KY,42633,,,,,,300,,"A group of 12 lesbians and 2 nonlesbians ""in the process of creating an alternative wimmins community"" on 300 acres (250 wooded, 30 farmland), with camping space. Welcomes input and feedback; asks wimmin to write or call before visiting.","SPIRAL PO Box 337, Monticello, KY 42633 (606)348-5215. Spiral in essence is change. Spiral is in the process of creating an alternative wimmins community. We welcome constructive input/feedback to aide in our growth. Prefer wimmin write or call before visit. We welcome: new members, girl children, nonlesbian women. We have/are: 12 lesbians, 2 nonlesbians, 300 acres, camping space, woods (250 acres), farmland (30 acres).","Typed as Intentional Community/Cooperative: ""in the process of creating an alternative wimmins community"" on land it already has. num_residents left blank: ""12 lesbians, 2 nonlesbians"" are members, and the form does not check ""women living on the land"" or list housing. The group counts nonlesbian women among its members. Acreage 300 as given (woods 250 + farmland 30; the remaining 20 are not described). Land location not stated; the contact is a PO box. Accepted groups: lesbians implied by the directory; the rest from ""We welcome."""
25,24,2,3,22,1982,December-January,Adlai Neubauer & Karen Hamm,3634 Loudon St,Granville,OH,43023,3634 Loudon St,Granville,OH,43023,,2.3,2,"Two lesbians ""only beginning"" on a small piece of land (2.3 acres) with a house and the start of an organic garden, envisioning a community of women supporting each other emotionally, spiritually and financially through collective work. Visitors stay up to two nights unless a work exchange is arranged; no drug addicts, alcoholics, kleptomaniacs or disrespectful people.","ADLAI NEUBAUER & KAREN HAMM 3634 Loudon St, Granville, OH 43023 (614)587-4527. We are only beginning. We have a small piece of land and the start of an organic garden. We envision a community of women supporting each other emotionally, spiritually and financially through responsible collective work. Visitors should plan to stay a maximum of two nights unless a work exchange or other arrangements are made (2 week advance notice preferred). No drug addicts/alcoholics, kleptomaniacs, or other disrespectful people welcome. We welcome: girl and boy children, nonlesbian women, non oppressive males (not overnight), dogs. We have/are: 2 lesbians, 2.3 acres, housing/permanent structures, plumbing/electricity, camping space, farm land, women living on the land.","Typed as Private/Individual Land: two women on their own ""small piece of land,"" ""only beginning,"" who ""envision a community of women"" (compare Feathers Farm). num_residents from ""2 lesbians"" plus housing and ""women living on the land."" Land address inferred from the street contact address. Accepted groups: lesbians implied by the directory; the rest from ""We welcome."" Males of unstated orientation coded as both gay and non-gay men, welcome only if ""non oppressive"" and ""not overnight."" Excludes ""drug addicts/alcoholics, kleptomaniacs, or other disrespectful people."""
26,25,2,2,22,1982,December-January,,Rt 1 Box 215,Millfield,OH,45761,Rt 1 Box 215,Millfield,OH,45761,southeast Ohio,150,2,"Two lesbians living and working on 150 acres in southeast Ohio, with housing, plumbing/electricity, woods and farm land, seeking ""feminist pioneers"" to begin a women's rural community. Older feminists especially encouraged. Written or taped inquiries only; no drop-ins or surprise calls for overnight stays.","SUSAN B ANTHONY MEMORIAL UNREST HOME Rt 1 Box 215, Millfield, OH 45761. Feminist pioneers wanted to begin women's rural community in southeast Ohio. Send long SASE for brochure. Older feminists especially encouraged to respond. We welcome written (or taped) inquiries and correspondence. No drop ins or surprise telephone requests for overnight accommodations. We welcome: new members/residents, girl and boy children (only during July), nonlesbian women, older women especially welcome. We have/are: 2 lesbians, 150 acres, housing/permanent structures, plumbing/electricity, primitive camping space, woods, farm land, women living and working on the land.","Typed as Intentional Community/Cooperative: two women already living and working on the land, recruiting ""Feminist pioneers... to begin women's rural community""; no individual owner named. num_residents from ""2 lesbians"" plus housing and ""women living and working on the land."" Land address inferred from the rural route contact address. Accepted groups: lesbians implied by the directory; boy children ""only during July."""
27,26,2,3,23,1982,December-January,Jan F Walsh,"Two Towers, 201 S 132nd Ave",Shelby,MI,49455,"Two Towers, 201 S 132nd Ave",Shelby,MI,49455,,40,1,"One lesbian who owns, lives on and works a 40-acre farm, raising animals and a small garden. Welcomes visitors, especially lesbians, since she is isolated; allows males of any age if known to her or with wimmin. Plenty of camping; $2/night fee (or trade) for stays over one night. Drugs in moderation fine; no proselytizing.","JAN F WALSH Two Towers, 201 S 132nd Ave, Shelby, MI 49455 (616)861-4939. I own a farm, live on it and work it somewhat. I raise animals and have a . 1 acre garden. I welcome visitors, especially lesbians as I am quite isolated, but I do not forbid males of any age access IF known to me or with wimmin. There is camping space galore. If the visit is over 1 night I ask for a $2 fee (I trade)/night per person to defray my costs (water, toilet paper, produce, etc). Drugs in moderation are fine. No proselytizing please. Extended visits (over 1 week) need to be decided in person. I welcome: girl and boy children, nonlesbian women, (males). I have/am: 1 lesbian, 40 acres, housing/permanent structures, plumbing (cold running water only)/electricity, camping space, woods, farm land.","Typed as Private/Individual Land: ""I own a farm, live on it and work it somewhat."" ""Two Towers"" in the address is probably the farm's name. num_residents from ""live on it."" Land address inferred: she lives on the farm and gives a street address. Accepted groups: ""especially lesbians""; males of unstated orientation coded as both gay and non-gay men, allowed only ""IF known to me or with wimmin."" Farming focus from a working farm she lives on and works, raising animals. ""Drugs in moderation are fine."" Garden printed as ""a . 1 acre garden"" (probably .1 acre)."
28,27,2,2,23,1982,December-January,,Rt 2 Box 42,Norwalk,WI,54648,Rt 2 Box 42,Norwalk,WI,54648,West Central Wisconsin,80,4,"A women's land co-op with 175 members, almost all lesbians, that owns DOE (Daughters of Earth) Farm: 80 hilly, secluded acres in West Central Wisconsin with a wooded campground, hayfield, orchard, garden and berries. Four womyn live there year-round, more in summer. Part of the campground is chemical-free space; camping equipment available; sliding-scale fees.","WISCONSIN WOMYN'S LAND CO-OP Rt 2 Box 42, Norwalk, WI 54648 (608)269-5301. WWLC owns DOE (Daughters of Earth) Farm; half wooded campground, half hayfield, orchard, garden, berries, etc in West Central Wisconsin. The land is hilly, secluded, very beautiful. Four womyn live here year 'round, more in summer. Some of the campground chemical free space. Camping equipment available if needed. Sliding scale fees. We welcome: new members/residents, girl children, boy children 'til age of 2, nonlesbian women. We have/are: 175 members almost all lesbians, 80 acres, housing/permanent structures, plumbing/electricity, camping space, woods, farm land, women living and working on the land.","Typed as Intentional Community/Cooperative: a land co-op that ""owns DOE (Daughters of Earth) Farm."" num_residents counts the ""Four womyn [who] live here year 'round"" (more in summer); the co-op has ""175 members almost all lesbians."" Farming focus from the working farm land (hayfield, orchard, garden, berries); environmentalism from ""chemical free space,"" read as an environmental rule, not a drug/alcohol-free one, so no recovery focus. Land address inferred from the rural route contact address. Accepted groups: lesbians implied by the directory; boy children ""'til age of 2."""
29,28,2,2,23,1982,December-January,Lanning,Box 8742,Minneapolis,MN,55408,,,,,,80,2,"Two lesbians ""consciously creating a space in which to live our lesbian reality in harmony with the natural world"" on 80 acres, hoping to build a community ""focused on interdependent care toward the healing and health of us all."" Primitive camping open to wimmin; chemically free; no pets, guns or men.","THE WEB c/o Lanning, Box 8742, Minneapolis, MN 55408 (612)983-2289. We are consciously creating a space in which to live our lesbian reality in harmony with the natural world. Primitive camping here is open to wimmin. We hope to build a community focused on interdependent care toward the healing and health of us all. Chemically free, no pets, no guns, no men. We welcome: girl and boy children by arrangement, differently abled. We have/are: 2 lesbians, 80 acres, housing/permanent structures, plumbing/ electricity, camping space, woods, farm land, women living on the land.","Typed as Intentional Community/Cooperative: ""consciously creating a space"" and hoping ""to build a community""; no individual owner named. num_residents from ""2 lesbians"" plus housing and ""women living on the land."" Land location not stated; the Minneapolis contact is a PO box. Accepted groups: lesbians (""our lesbian reality""); children ""by arrangement""; nonlesbian women not coded (""open to wimmin"" is general; not on the welcome list). Focus: disabled women from its welcome of the ""differently abled"" and its aim of ""interdependent care toward the healing and health of us all""; environmentalism from ""Chemically free"" and ""in harmony with the natural world."" No pets, guns, or men."
30,29,2,4,23,1982,December-January,,"RR 1, Box 62-A",Ronan,MT,59864,"RR 1, Box 62-A",Ronan,MT,59864,,40,2,"A vacation ranch, ""a new social alternative for lesbians and gay men on holiday,"" run by two lesbians on 40 acres. Tipi lodgings ($11/night) or campsites ($7/night), food service, hot tub, sports facilities; some weeks are for womyn only. Reservations preferred.","NORTH CROW VACATION RANCH RR 1, Box 62-A, Ronan, MT 59864 (406)676-5169. A new social alternative for lesbians and gay men on holiday. Tipi lodgings ($11/night) or campsite ($7/night). Some weeks are for womyn only. We provide food service ($11/night), hot tub, sports facilities, firewood and basic conveniences. Close by: swimming, boating, etc. Reservations preferred. We welcome: girl and boy children, gay males. We have/are: 2 lesbians, 40 acres, housing/permanent structures, plumbing/electricity, woods, farm land, women living and working on the land.","Typed as Retreat/Gathering Space: a ""vacation ranch"" for lesbians and gay men ""on holiday,"" charging nightly rates. num_residents from ""2 lesbians"" plus housing and ""women living and working on the land."" Land address inferred from the rural route contact address. Accepted groups: lesbians named and implied by the directory; children; ""gay males."" Some weeks are ""for womyn only."""
31,30,2,2,23,1982,December-January,"Rebecca, Susan, Anne & Maurine",4026 Anderson SE,Albuquerque,NM,87108,,,,,,90,0,"Four lesbians with 90 acres of woods, meadows and rocky bluffs, with a creek and springs. Long-term plans: cabins for their own use, more cabins and campsites for visiting women by pre-arrangement, and some farming. Emphasis on solar and appropriate technology and on ""developing a place that nurtures the female principle.""","REBECCA, SUSAN, ANNE & MAURINE 4026 Anderson SE, Albuquerque, NM 87108 (505)268-1863. The land is a combination of woods, meadows, and rocky bluffs. We have a creek and springs. Long-term plans include: cabins for our personal use, additional cabins and camping sites for use by visiting women (by pre-arrangement only), and some farming. Emphasis on solar and appropriate technology and on developing a place that nurtures the female principle. We welcome: new members/resident. We have/are: 4 lesbians, 90 acres, camping space, woods.","Typed as Intentional Community/Cooperative: four women holding the land together; no individual owner named. num_residents is 0: cabins ""for our personal use"" are among ""Long-term plans,"" no housing is listed, and the contact is a city address. Land location not stated. Accepted groups: lesbians implied by the directory; ""visiting women"" are part of long-term plans, not coded. Focus: ""Emphasis on solar and appropriate technology""; ""developing a place that nurtures the female principle."""
32,31,2,2,23,1982,December-January,Annie,50 Balmy,San Francisco,CA,94110,,,CA,,2 hours north of SF,167,,"A land collective with 167 acres of woods, meadows and grazing land two hours north of San Francisco, in transition: most of the old group (""save one"") needs to sell, and YWLC seeks two lesbian-feminists for a new group. Wants commitment, money and respect; into building living space, relationship and feminism; not into drug abuse or S&M. Welcomes new members and loans.","YORKVILLE WOMEN'S LAND COLLECTIVE c/o Annie, 50 Balmy, San Francisco, CA 94110 (415)285-5145. YWLC seeking 2 lesbian-feminists for new group. Old group (save one) needs to sell. Lots of land 2 hours north of SF. Needs committment, money and respect. Into building living space, relationship, feminism. Not into drug abuse or S&M. Send name, address and phone for full details. Issues & money still negotiable. We welcome: new members, loans. We have/are: 6 lesbians, 167 acres, camping space, woods and meadows, farm land (grazing).","Typed as Intentional Community/Cooperative: a ""Land Collective"" in transition; ""Old group (save one) needs to sell"" and YWLC is ""seeking 2 lesbian-feminists for new group."" num_residents left blank: ""6 lesbians"" are members; no housing is listed and they are ""Into building living space,"" but the listing does not say no one lives there. Land state from ""2 hours north of SF."" Accepted groups: ""lesbian-feminists,"" and lesbians implied by the directory. ""Not into drug abuse or S&M."""
33,32,2,3,23,1982,December-January,Helen Wagner,440 Holladay,San Francisco,CA,94110,,,CA,,near Russian River,500,,"500 acres of privately woman-owned land near the Russian River, open for camping and events June-September. Horses boarded; workers welcomed, with housing limited to workers. Daily, weekly and special-event rates from $5/day.","THE RANCH c/o Helen Wagner, 440 Holladay, San Francisco, CA 94110 (415)824-5352. Privately Woman owned land open to camping and events June-Sept. Horses boarded, workers welcomed. Daily and weekly rates and special event rates $5/day and up. We welcome: new members, girl children, boy children under 10, nonlesbian women, dogs, horses. We have/are: 500 acres, housing/permanent structures limited to workers, plumbing, outhouses, camping space, woods, farm land, cook out grills, creek on land, near Russian River, women living and working on the land.","Typed as Private/Individual Land: ""Privately Woman owned land,"" though its use is seasonal camping and events (June-Sept); compare Nourishing Space for Women. num_residents left blank: ""women living and working on the land"" with housing ""limited to workers,"" number not stated. Land state inferred from ""near Russian River."" Accepted groups: lesbians implied by the directory; boy children ""under 10."" Also advertised in this issue's ""LESBIANS LOOKING FOR LAND/LAND LOOKING FOR LESBIANS"" classifieds (p. 20, same phone number): ""THE RANCH: 500 acres 2½ hours north of the bay area. Women Only... Also Ranch workers wanted year round, for work exchange for room & board."""
34,33,2,2,23,1982,December-January,,1085 Greenwood Rd,Elk,CA,95432,1085 Greenwood Rd,Elk,CA,95432,3 hours north of SF and close to the ocean,60,8,"A ""thriving womyn's community and retreat"" near the coast three hours north of San Francisco: redwood slopes, meadows, waterfalls, a communal kitchen, guesthouse and bath house, vegetable, flower and herb gardens and an orchard. Began as an older womyn's community; now womyn of diverse ages, races and backgrounds, seeking permanent members (especially lesbians over 50). Visitors $5/night, with exceptions for working-class, older and third world women.","LAVENDER HILL 1085 Greenwood Rd, Elk, AC 95432. A thriving womyn's community and retreat located 3 hours north of SF and close to the ocean. 160 acres of redwood-covered slopes, open grassy meadows, waterfalls, and pools for reflection. Nine structures including a communal kitchen, guesthouse, and bath house, look out over surrounding valleys and hills. A vegetable and flower garden, an herb garden, and an orchard. We began as an older womyn's community. We are now womyn of diverse ages, races and backgrounds, looking for permanent members (especially lesbians over 50). Visitors $5/night (exceptions: working class/older/third world women). We welcome: new members/residents, girl children, nonlesbian women (possibly). We have/are: 8 lesbians, 60 acres, 10 housing/permanent structures, plumbing/electricity with generator, camping space, woods, farm land, women living and working on the land.","Typed as Intentional Community/Cooperative: calls itself ""a thriving womyn's community and retreat,"" naming community first, and seeks ""permanent members."" Acreage: the text says ""160 acres"" but the form says ""60 acres""; the smaller figure is stored. Structures also differ (""Nine structures"" vs. ""10 housing/permanent structures""). State printed ""AC"" in the address, a typo; corrected to CA (Elk, CA 95432). num_residents from ""8 lesbians"" plus ""women living and working on the land."" Land address inferred from the street contact address. Accepted groups: lesbians implied and ""especially lesbians over 50""; nonlesbian women ""(possibly)."" Focus: older women (""We began as an older womyn's community""); farming (vegetable, flower and herb gardens, orchard); working-class and women of color from the fee exceptions for ""working class/older/third world women"" (a policy drawing women of color to the land; ""womyn of diverse ages, races and backgrounds"" alone would not qualify)."
35,34,2,4,24,1982,December-January,,37010 SE Snuffin Rd,Estacada,OR,97023,37010 SE Snuffin Rd,Estacada,OR,97023,approx 30 miles SE of Portland,52,4,"An ""educational, job skill, rural skill and growth center for womyn of all ages, races, cultures and backgrounds"" on 52 acres of farmland and woods 30 miles SE of Portland, with a visitors' house (Star House, $4/night, no electricity). Visitors may stay up to two weeks; womyn with dependent children welcome. Describes itself as an ""inactive group with hopes to revive (trying to get back on our feet).""","WHO FARM INC 37010 SE Snuffin Rd, Estacada, OR 97023 (503)630-6728. Who farm is an educational, job skill, rural skill and growth center for womyn of all ages, races, cultures and backgrounds. We have 52 acres of beautiful farmland, fields, hills, evergreens, a visitor's house in the magical woods called Star House. Our land is located approx 30 miles SE of Portland with a city bus (NO 31) running within 5 miles of the farm. Visitor s may stay max 2 weeks. We charge $4 per night's stay in Star House. Womyn with dependent children are welcome. Bring your own food. We have very rainy weather and lots of mud so sisters bring rain gear and goulashes! There's no electricity in Star House. We welcome: new members/residents. We have/are: 4 lesbians, 52 acres, plumbing/electricity, camping space, woods, farm land, women living on the land, inactive group with hopes to revive (trying to get back on our feet).","INACTIVE: the group describes itself as ""inactive group with hopes to revive (trying to get back on our feet),"" though women still live on the land. Typed as Retreat/Gathering Space: an ""educational, job skill, rural skill and growth center"" defined by what it offers visitors (compare North Crow Vacation Ranch), though it welcomes new members/residents and women live on the land. num_residents from ""4 lesbians"" plus ""women living on the land."" Land address inferred from the rural street contact address. Accepted groups: lesbians implied by the directory; nonlesbian women from ""for womyn of all ages, races, cultures and backgrounds""; children from ""Womyn with dependent children are welcome,"" gender not stated. Focus: education (""educational, job skill, rural skill... center""); farming (""52 acres of beautiful farmland,"" a farm teaching rural skills). Welcomes ""womyn of all ages, races, cultures and backgrounds"" (inclusive, not recruiting women of color, so no women-of-color focus)."
36,35,2,4,24,1982,December-January,,Box 97 Star Route 2,Seal Rock,OR,97376,Box 97 Star Route 2,Seal Rock,OR,97376,,60,,"A non-profit ""educational community organization teaching rural skills to women and their children,"" ""a matrix between rural and urban,"" on 60 acres. Camping spaces and cabins for trade or rent; group rentals available. No violence.","PENTHESILEIA, INC Box 97 Star Route 2, Seal Rock, OR 97376 (503)563-3643. Penthesileia, Inc is a non-profit educational community organization teaching rural skills to women and their children. A matrix between rural and urban. We have camping spaces and cabins for trade and rent. Group rentals available. No violence. We welcome: new members/residents, girl and boy children, nonlesbian women, leashed dogs, work exchanges. We have/are: 60 acres, housing/permanent structures, plumbing/electricity, camping space, woods, farm land, women living and working on the land.","Typed as Retreat/Gathering Space: a ""non-profit educational community organization teaching rural skills,"" typed like Who Farm Inc, though it welcomes new members/residents and women live and work on the land. num_residents left blank: ""women living and working on the land,"" number not stated. Land address inferred from the star route contact address. Accepted groups: lesbians implied by the directory; the rest from ""We welcome."" Focus: ""teaching rural skills to women and their children."""
37,36,2,2,24,1982,December-January,,Rt 3 Box 3645,Roseburg,OR,97470,Rt 3 Box 3645,Roseburg,OR,97470,,,5,"Five lesbians living on land with food and flower gardens, orchards, woods and pasture, raising chickens, sheep and working ponies, and ""paying for our home by working various jobs in town."" Visits must be prearranged; land-use fee $2-4/day, food $4/day; occasional work exchange. No dogs.","RAINBOW'S END Rt 3 Box 3645, Roseburg, OR 97470 (503)673-7649. Our land embraces food and flower gardens, orchards, woods and pasture. We raise chickens, sheep and working ponies. We're paying for our home by working various jobs in town. Visitor policy: visits must be prearranged by mail or phone. Land use fee: $2-$4 per day, food: $4 per day. Sometimes, for specific projects, work exchange may be arranged. No dogs!!! We welcome: girl children, boy babies, nonlesbian women. We have/are: 5 lesbians, housing/permanent structures, plumbing/electricity, camping space, woods, farm land, women living and working on the land, women working in town.","Typed as Intentional Community/Cooperative: five women ""paying for our home"" together; no individual owner named. The land is paid for by members ""working various jobs in town"" (form: ""women working in town""). num_residents from ""5 lesbians"" plus housing and ""women living and working on the land."" No acreage given. Land address inferred from the rural route contact address. Accepted groups: lesbians implied by the directory; boy children as ""boy babies"" only."
38,37,2,2,24,1982,December-January,,3502 Coyote Creek Rd,Wolf Creek,OR,97497,3502 Coyote Creek Rd,Wolf Creek,OR,97497,,,10,"A group of six hard-working lesbians and four children living on and working the land, with housing, plumbing/electricity, camping space, woods and farm land. Write or call first; absolutely no drop-ins.","GOLDENWIMMIN 3502 Coyote Creek Rd, Wolf Creek, OR 97497 (503)866-2520. We are a group of hard working wimmin and 4 children. Write or call first. Absolutely no drop ins. We welcome: new members/residents, girl and boy children. We have/are: 6 lesbians, housing/permanent structures, plumbing/electricity, camping space, woods, farm land, women living on and working the land.","Typed as Intentional Community/Cooperative: ""a group of hard working wimmin."" num_residents is 10: ""6 lesbians"" plus the ""4 children"" named in the text, with housing and ""women living on and working the land."" No acreage given. Land address inferred from the rural street contact address. Accepted groups: lesbians implied by the directory; children from ""We welcome."""
39,9,2,4,24,1982,December-January,,Box 681,Grants Pass,OR,97526,,,OR,,forested land in Southern OR,23,5,"A feminist retreat on 23 forested acres in southern Oregon, holding summer and winter sessions for 10-30 women: workshops, skill-sharing, discussion groups, recreation and home-cooked meals. A main house with electricity, hot water and a shower; several women-built cabins; secluded camping. Visitors contribute $3/day for food and $1-3/day to the land support fund.","WOMANSHARE Box 681, Grants Pass, OR 97526 (503)862-2807. A feminist retreat on forested land in Southern OR. We plan summer and winter sessions for 10-30 women — workshops, skillsharing, discussion groups, recreation and home-cooked meals. We have a main house and several women-built cabins for sleeping and many secluded spots for camping. The main house has electricity, hot water and a shower. Visitors are asked to contribute $3/day for food and $1-3/day to our land support fund. We welcome: girl children. We have/are: 5-10 lesbians, 23 acres, housing/permanent structures, plumbing/electricity (outdoor toilet), camping space, woods, farmland, women living/working on the land.","Second listing of Womanshare (first: LC Sept 1976). Typed as Retreat/Gathering Space: ""A feminist retreat."" num_residents is the minimum of ""5-10 lesbians,"" with ""women living/working on the land."" Contact is now a PO box, so no land street address is inferred (the 1976 listing gave 1531 Gray's Creek Road). Accepted groups: lesbians implied by the directory; nonlesbian women from ""A feminist retreat"" with ""sessions for 10-30 women""; girl children only. Boy children, welcomed in 1976 (""child care is negotiable""), are no longer listed. Focus: ""workshops, skillsharing."""
40,38,2,3,24,1982,December-January,,PO Box 302,Applegate,OR,97530,,,,,,16,1,A single lesbian living on 16 acres of basically undeveloped land with woods and camping space. Visitors welcome for 3-4 days in exchange for some work; write ahead.,"MULLEINSONG PO Box 302, Applegate, OR 97530. Single woman living on basically undeveloped land. Visitors welcome for 3-4 days in exchange for some work. Please write ahead of time. We welcome: girl children. We have/are: 1 lesbian, 16 acres, camping space, woods, women living on and working the land.","Typed as Private/Individual Land: ""Single woman living on basically undeveloped land."" num_residents from that statement (""1 lesbian""). Land location not stated; the contact is a PO box. Accepted groups: lesbians implied by the directory; girl children from ""We welcome."""
41,39,2,2,25,1982,December-January,,Twin Oaks Community,Louisa,VA,23093,,Louisa,VA,23093,,400,69,"A large community of women and men on 400 acres, with residences, shops and a garage, looking for more lesbians and ""wimmyn-oriented-wimmyn."" Strives to eliminate ""sexism, heterosexism, racism, ageism and competition."" No pets; no drugs. Listed by LC as not a women's land group, but one that welcomes lesbians.","OAKYNWOMYN Twin Oaks Community, Louisa, VA 23093. We are a large community of women and men looking for more lesbians and wimmyn-oriented-wimmyn. By our behavior we strive to eliminate the attitudes and results of sexism, heterosexism, racism, ageism and competition. Bring no pets. NO DRUGS! We welcome: new members/residents, children (maybe), lesbians, nonlesbian women, males. We have/are: 4 lesbians, 65 nonlesbians, 400 acres, housing/permanent structures (residences, shops, garage, etc), plumbing/electricity, camping space (visitors have rooms), woods, farm land.","NOT WOMEN'S LAND: listed under the editor's note ""The following two are not women's land groups, but they do welcome lesbians as visitors or members."" Typed as Intentional Community/Cooperative: ""a large community of women and men."" num_residents is 69 (""4 lesbians, 65 nonlesbians""; nonlesbians include men), with residences listed. Land city from the community's own address. Accepted groups: all six; children ""(maybe),"" gender not stated; ""males"" of unstated orientation. Focus: ""NO DRUGS!"" Anti-racism stated (""strive to eliminate... racism""), but women of color are not recruited, so no women-of-color focus."
42,40,2,2,25,1982,December-January,,Rt 7 Box 279,Sparta,TN,38583,Rt 7 Box 279,Sparta,TN,38583,,7,,"Pacifist musical craftspeople living a simple lifestyle on 7 acres, ""promoting spiritual power and androgynous philosophy."" Short visits with advance notice. No TV; pets under strict supervision; no hard drugs. Listed by LC as not a women's land group, but one that welcomes lesbians.","FAR AWAY FARM Rt 7 Box 279, Sparta, TN 38583 (615)277-3854. Pacifist musical craftspeople in simple lifestyle promoting spiritual power and androgynous philosophy. Short visits welcome with advance notice. No TV. Pets under strict supervision only. No hard drugs, others with our knowledge. We welcome: children, lesbians, nonlesbian women, males, dogs. We have: 7 acres, housing/permanent structures, plumbing/electricity, camping space, woods, farm land.","NOT WOMEN'S LAND: listed under the editor's note ""The following two are not women's land groups, but they do welcome lesbians as visitors or members."" Typed as Intentional Community/Cooperative: a group of ""craftspeople in simple lifestyle."" num_residents left blank: the form lists no people. Land address inferred from the rural route contact address. Accepted groups: all six; ""children"" and ""males"" with gender/orientation not stated. Focus: ""promoting spiritual power""; ""musical craftspeople."" Also pacifist and ""androgynous philosophy"" (no matching focus). ""No hard drugs, others with our knowledge,"" so no recovery focus."
43,41,3,2,18,1983,March/April,Susun Weed & Clove,3136 Fishcreek Rd,Saugerties,NY,12477,3136 Fishcreek Rd,Saugerties,NY,12477,"on an old blue stone quarry with a lovely, secluded pond",45,3,"A ""hard working lesbian separatist homestead"" on 45 acres of an old bluestone quarry, hoping to be part of ""a network of SAFE SPACES for wimmin."" Grows almost all its own food (three gardens, solar greenhouse, dairy goats, chickens, ducks, fruit trees). Supports the land through outside jobs and summer Herbal and Psychic Healing Intensives. Working on wheelchair accessibility. Lesbian visitors of all ages up to five days, $2-5/day.","ROWDYBUSH FARM (Susun Weed & Clove), 3136 Fishcreek Rd, Saugerties, NY 12477. Our dream is to be part of a network of SAFE SPACES for wimmin. Right now we are a hard working lesbian separatist homestead on an old blue stone quarry with a lovely, secluded pond. We provide almost all our own food with three large gardens,a solar greenhouse, dairy goats, chickens, ducks and fruit trees (to be planted this spring). We support the land partly by working outside jobs and partly by holding Herbal and Psychic Healing Intensives every summer. We are working on wheelchair accessibility for house and campsites. We welcome lesbians of all ages as visitors for up to five days, $2-5/day donation. We have/are: 3 lesbians, 45 acres, housing/permanent structures, plumbing/electricity, camping space, woods, farmland, wimmin living and working on the land.","Typed as Intentional Community/Cooperative: ""a hard working lesbian separatist homestead"" of three lesbians; the listing does not say who owns the land. num_residents from ""3 lesbians"" plus ""wimmin living and working on the land."" Land address inferred from the rural street contact address. The land is supported ""partly by working outside jobs"" (compare Rainbow's End). Accepted groups: ""lesbians of all ages."" Focus: separatism; farming (""almost all our own food""); workshops (""Herbal and Psychic Healing Intensives""); environmentalism (""solar greenhouse""); disabled women (""working on wheelchair accessibility"")."
44,42,3,2,18,1983,March/April,,RD 1 Box 156,Alpine,NY,14805,RD 1 Box 156,Alpine,NY,14805,"Between Ithaca & Watkins Glen, NY",150,6,"Womyn's land in its sixth year, 150 acres between Ithaca and Watkins Glen, moving ""to a more focused use of the land than just gardening and living"": investing in farm equipment and needing work energy. Healing is a focus for many; everyone must be self-sufficient and self-motivated. Visitors ""(maybe),"" new members ""(perhaps, cautiously).""","NORTHWOODS RD 1 Box 156, Alpine, NY 14805 (607)594-3536. (Between Ithaca & Watkins Glen, NY.) Northwoods is in its 6th year as womyn's land, now moving this spring to a more focused use of the land than just gardening and living. We're investing in farm equipment and need work energy. Healing is a focus of many of us. We need everyone here to be self sufficient and self motivated. We welcome: visitors (maybe), new members (perhaps, cautiously), girl children. We have/are: 6-10 lesbians, 150 acres, housing/permanent structures, plumbing/electricity, camping space, woods, farm land, women living and working on the land.","Typed as Intentional Community/Cooperative: ""in its 6th year as womyn's land."" num_residents is the minimum of ""6-10 lesbians,"" with ""women living and working on the land."" Land address inferred from the RD box contact address. Accepted groups: lesbians implied by the directory; girl children from ""We welcome."" Visitors ""(maybe)"" and new members ""(perhaps, cautiously)."" Focus: ""investing in farm equipment."" ""Healing is a focus of many of us"" (no matching focus)."
45,43,3,3,18,1983,March/April,Mimi & Judy,Rt 86 Box 15A,Jumping Branch,WV,25969,Rt 86 Box 15A,Jumping Branch,WV,25969,in a hollow on a creek in the mountains of WV,25,2,"Two women building a womyn's homestead on 25 secluded acres in a hollow on a creek in the West Virginia mountains, reachable by foot or four-wheel drive. Carpenters, a woodworker/blacksmith, and farmers; will teach skills to serious apprentices. Visitors welcome if they help and bring their own food.","MISTY BOTTOMS FARM c/o Mimi & Judy, Rt 86 Box 15A, Jumping Branch, WV 25969. We are building a womyn's homestead on 25 acres in a hollow on a creek in the mountains of WV. Secluded land, access by foot or 4-wheel drive. We are carpenters and woodworker/blacksmith as well as farmers. Will teach skills to serious apprentices. Visitors welcome and expected to help (bring own food). We welcome: girl children and apprentices. We have/are: 2 lesbians, 25 acres, housing/permanent structure, electricity, camping space, woods, farm land, women living and working on the land.","Typed as Private/Individual Land: two women (""Mimi & Judy"") building a homestead, taking apprentices but not recruiting members; compare Feathers Farm. num_residents from ""2 lesbians"" plus ""women living and working on the land."" Land address inferred from the rural route contact address. Accepted groups: lesbians implied by the directory; girl children (and ""apprentices"") from ""We welcome."" Focus: farming (""as well as farmers""); teaching (""Will teach skills to serious apprentices"")."
46,44,3,2,18,1983,March/April,Gwen O Demeter,Box 100 Rt 5,Holly Springs,MS,38635,Box 100 Rt 5,Holly Springs,MS,38635,,40,7,"A collective of seven wimmin ""dedicated to caring for 40 acres and each other,"" striving toward self-sufficiency, with a communal kitchen and permanent structures in progress. ""We are not separatists."" Visits by work exchange and/or cash; longer stays negotiable.","SILVER CIRCLE FARM c/o Gwen O Demeter, Box 100 Rt 5, Holly Springs, MS 38635. We are a collective of seven wimmin dedicated to caring for 40 acres and each other. We strive to tolerate our differences as well as enjoy them. We are striving toward self sufficiency. Visits require work exchange and/or cash for short stays. Longer visits/meals negotiable. Have communal kitchen. We are not separatists. We are spiritual, artistic, scientific, political, but most important we are loving wimmin trying to give each other space to grow! We welcome: girl and boy children, nonlesbian women, dogs (but only on leash). We have/are: 7 lesbians, 40 acres, permanent structures (in process), outdoor plumbing, electricity (also hook-ups for couple of RV's), camping space, woods, farm land, wimmin living and working on the land.","Typed as Intentional Community/Cooperative: ""a collective of seven wimmin."" num_residents from ""seven wimmin"" / ""7 lesbians"" plus ""wimmin living and working on the land."" Land address inferred from the rural route contact address. Accepted groups: lesbians implied by the directory; the rest from ""We welcome."" Focus: ""striving toward self sufficiency."" Rejects separatism: ""We are not separatists."""
47,45,3,2,18,1983,March/April,,Rt 1 Box 137L,Red Rock,TX,78662,Rt 1 Box 137L,Red Rock,TX,78662,35 miles SE of Austin,18,4,"""A family of 6 lesbians, 4 on the land,"" developing a self-sufficient space on 18 acres 35 miles SE of Austin, meant to provide most of their food and part of their income. Plans: chickens, goats, sheep, rabbits, a garden, an orchard, and a stained-glass and spinning workshop. Visits 2-3 days; no drugs, alcohol or cigarettes.","EARTH CURRENT FARM Rt 1 Box 137L, Red Rock, TX 78662 (512)764-2706. We are a family of 6 lesbians, 4 on the land. We are developing a self sufficient space 35 miles SE of Austin, that will provide most of our food and bring in at least part of our survival money. Our plans include chickens, goats, sheep, rabbits, a garden, orchard, and a stain-glass and spinning workshop. We welcome: girl children and dogs (maybe leashed). Visits limited to 2-3 days, $2 per person or work exchange, no drugs, alcohol or cigarettes please. We have/are: 6 lesbians, 18 acres, 2 housing/permanent structures, electricity, camping space, women living and working on the land.","Typed as Intentional Community/Cooperative: ""a family of 6 lesbians""; no individual owner named. num_residents is 4: ""6 lesbians, 4 on the land."" Land address inferred from the rural route contact address. Accepted groups: lesbians implied by the directory; girl children from ""We welcome."" Focus: ""a self sufficient space... that will provide most of our food""; ""no drugs, alcohol or cigarettes""; a planned ""stain-glass and spinning workshop."""
48,46,3,2,18,1983,March/April,Linda or Sara,PO Box 274,Camptonville,CA,95922,,,CA,,"deeply forested, sub-alpine beauty at 3200'... near incredible Yuba River",13,2,"A couple in their 40s, vegetarian non-smokers, living on 13 deeply forested sub-alpine acres at 3,200 feet near the Yuba River, with a trailer, shed, well and organic garden/orchard. Looking for 1-3 ""semi-collective members"" and for lesbian buyers for other parcels for sale nearby. Rural, isolated; ""very hard to make a living locally.""","CEDAR c/o Linda or Sara, PO Box 274, Camptonville, CA 95922. We are a couple in our 40's, vegies/non-smokers, living on 13 acres, deeply forested, sub-alpine beauty at 3200'. Looking for 1-3 semi-collective members, very hard to make a living locally, rural, quite isolated, wet winters, hot summers, near incredible Yuba River, other parcels for sale nearby and looking for lesbian buyers. We welcome: new members, girl and boy children, nonlesbian women. We have/are: 2 lesbians, 13 acres, trailer, shed, electricity/well, camping space, woods, organic garden/ orchard, women living and working on the land.","Typed as Intentional Community/Cooperative: a couple living on the land and ""Looking for 1-3 semi-collective members"" (two-woman rule: recruiting members makes it type 2). num_residents from ""a couple... living on 13 acres."" Land location not stated beyond the listing's description; the contact is a PO box. Accepted groups: lesbians implied by the directory; the rest from ""We welcome."" Also recruiting ""lesbian buyers"" for ""other parcels for sale nearby"" (compare Womonground)."
49,47,3,3,18,1983,March/April,,Rt 1 Box 174,Montague,CA,96064,Rt 1 Box 174,Montague,CA,96064,,22,2,"A small permaculture homestead of two lesbians on 22 acres, earning farm income from bees, honey and rare poultry, and off-farm income from graphic design, photography and writing for organic agriculture journals. Also makes lesbian/feminist t-shirts and rubber stamps as ""Armadillo Mountain."" Offers apprenticeships in beekeeping and permaculture; seeks carpentry and masonry skills in trade.","BEE SONG HONEY FARMS Rt 1 Box 174, Montague, CA 96064. We are a small-but-growing Permaculturally-oriented homestead whose main farm income is from sales of bees and honey and from hatching rare breeds of poultry. Off-farm income is derived from graphic design, photography and writing for the organic agriculture journals. We also produce and sell lesbian/feminist t-shirts and rubber stamps under the name of Armadillo Mountain. Would welcome correspondence with other lesbians on the land. Longer-term apprenticeships/work exchanges are a possibility. Would also trade apprenticeships in beekeeping and Permaculture (particularly dryland and forage systems) for some good, solid vocational skills, especially carpentry and stone masonry. We have/are: 2 lesbians, 22 acres, good tools and equipment, dogs, cats, chickens, ducks, guineas, peabirds and 60 zillion bees.","Continues on p. 19. Typed as Private/Individual Land: two women homesteading, not recruiting members. num_residents from ""2 lesbians"" running the homestead (the form's ""living on the land"" box is not used, but they farm it for income). Land address inferred from the rural route contact address. Accepted groups: lesbians only; no ""We welcome"" list. Focus: farming (bees, honey, poultry); environmentalism (""Permaculturally-oriented""); apprenticeships; cultural work (t-shirts and rubber stamps as ""Armadillo Mountain,"" graphic design, photography, writing)."
50,1,3,1,19,1983,March/April,,POB 133,Days Creek,OR,97429,,,OR,,,147,2,"Owl Farm, 147 acres being bought by the Oregon Women's Land Trust, caretaken by two wimmin since August 1982. Needs energy and money to stay open for wimmin and children. No abuse of alcohol, drugs or violence; encourages wimmin of color to come. Describes itself as an ""Inactive group with hopes to revive.""","OWL FARM POB 133, Days Creek, OR 97429. We are two wimmin caretaking OWL since Aug 82. OWL is needing energy and money support from wimmin to stay open for wimmin & children. No abuse of alcohol, drugs, or violence. I encourage wimmin of color to come and be here. We welcome: new members/caretakers, girl children, boy children (under 10 years), nonlesbian women, dogs only if restrained, donations. We have/are: 2 lesbians, 147 acres, housing/permanent structures, camping space, woods, farm land, wimmin living and working the land. Inactive group with hopes to revive.","INACTIVE: ""Inactive group with hopes to revive."" Listed as OWL FARM, the land the Oregon Women's Land Trust is ""in the process of buying"" (next listing, observation 51); both are recorded as community 1. Typed as Land Trust: trust land, still being paid for. num_residents from ""two wimmin caretaking OWL since Aug 82"" and ""wimmin living and working the land."" Land location not stated; the contact is a PO box. Accepted groups: lesbians implied by the directory; boy children ""(under 10 years)."" Focus: ""I encourage wimmin of color to come and be here."" ""No abuse of alcohol, drugs, or violence"" excludes abuse, not use, so no recovery focus."
51,1,3,1,19,1983,March/April,,PO Box 1692,Roseburg,OR,97470,,,OR,,,,,"The Oregon Women's Land Trust, ""in the process of buying OWL FARM,"" supported by donations from women ""who believe in land for women."" Prints a quarterly newsletter ($5/year); trust meetings about every three months at the farm, which a fluctuating collective of women caretakes.","OREGON WOMEN'S LAND TRUST PO Box 1692, Roseburg, OR 97470. OWLT is in the process of buying OWL FARM (see above). Support for the farm and trust comes from donations from those women who believe in land for women. A quarterly newsletter is printed, $5/year. Land trust meetings are held about every three months at the farm. A collective of women (the number fluctuates) caretakes the farm. We welcome: new members, girl and boy children, nonlesbian women.","Listed separately from OWL FARM (observation 50), the land it is buying; both are recorded as community 1. Typed as Land Trust. No acreage in this listing (""see above"": Owl Farm, 147 acres). num_residents left blank: ""A collective of women (the number fluctuates) caretakes the farm."" Land state from the trust's name and Owl Farm; the contact is a PO box. Accepted groups: lesbians implied by the directory; the rest from ""We welcome."""
52,48,3,2,19,1983,March/April,,POB 593,Myrtle Creek,OR,97457,,,OR,,a secluded forest hilltop,40,4,"A family of four lesbians living on 40 acres on a secluded forested hilltop, growing food, tending ""our emotional and spiritual depths,"" and making ""art and song that celebrate woman."" Holds workshops in theatre and tai chi several times a year; no visitors at other times.","FLY AWAY HOME POB 593, Myrtle Creek, OR 97457. We are a family of 4 lesbians living on a secluded forest hilltop. We grow food and tender our emotional and spiritual depths. And we make art and song that celebrate woman. We invite women to our workshops in Theatre and in Tai Chi several times during the year. We are unable to welcome visitors at other times. We have/are: 4 lesbians, 40 acres, housing/permanent structures, woods, farm land, women living and working on the land.","Typed as Intentional Community/Cooperative: ""a family of 4 lesbians""; no individual owner named. num_residents from ""4 lesbians living on a secluded forest hilltop."" Land location not stated beyond the hilltop; the contact is a PO box. Accepted groups: lesbians implied by the directory; nonlesbian women from ""We invite women to our workshops"" (no ""We welcome"" list). Visitors only for workshops. Focus: spirituality, farming, workshops, and ""art and song that celebrate woman."""
53,49,3,3,19,1983,March/April,,Rt 4 Box 1058,Roseburg,OR,97470,Rt 4 Box 1058,Roseburg,OR,97470,,130,2,"Two lesbians in partnership owning 130 acres of forest, managed by thinning and reforestation for selective timber harvest and firewood, with a woman-built cabin, outbuildings, a garden and chickens. ""We are not separatists and have male friends that come on our land.""","STEPPING WOODS Rt 4 Box 1058, Roseburg, OR 97470. We are a partnership of 2 lesbians owning 130 acres of forested property. We manage our woods by thinning and reforestation, where necessary, for selective timber harvest and firewood. There is one woman-built cabin, a few out buildings, a garden, chickens, and pets. We are not separatists and have male friends that come on our land. We welcome: girl and boy children, nonlesbian women. We have/are: 2 lesbians, 130 acres, housing/permanent structures, electricity/privy, camping space, woods, women living and working on the land.","Typed as Private/Individual Land: ""a partnership of 2 lesbians owning 130 acres."" num_residents from ""2 lesbians"" plus ""women living and working on the land."" Land address inferred from the rural route contact address. Accepted groups: lesbians implied by the directory; the rest from ""We welcome."" Men not coded: ""have male friends that come on our land,"" but males are not on the welcome list. Rejects separatism: ""We are not separatists."" Focus: ""thinning and reforestation."""
54,50,3,3,19,1983,March/April,,2000 King Mountain Trail,Sunny Valley,OR,97497,2000 King Mountain Trail,Sunny Valley,OR,97497,,6,2,"A rural feminist publishing center (Womanspirit and The Blatant Image) run by two lesbians aged 57 and 60 on 6+ acres, with strong interests in photography (summer Ovulars), ecology and alternative technology. Women of all ages welcome for short or long visits; $4/day with vegetarian meals. No men, guns, pets, drugs or dope.","ROOTWORKS 2000 King Mountain Trail, Sunny Valley, OR 97497. A rural feminist publishing center (Womanspirit and The Blatant Image) with strong interests in photography, (summer Ovulars), ecology and alternative technology. We are 57 & 60 years old. We enjoy the company and help of women of all ages who can adapt to our simple lifestyle for short or long visits. Rules: no men, guns, pets, drugs or dope. Smoking limited to outdoors gravel area. $4/day/woman includes vegetarian meals. We welcome: nonlesbian women, women to help on projects. We have/are: 2 lesbians, 6+ acres, housing/permanent structures, outdoor toilets, electricity with generator and batteries, camping space, woods, gardens, women living and working with the land.","Typed as Private/Individual Land: two women's home and publishing center, not recruiting members (two-woman rule). num_residents from ""2 lesbians"" plus ""women living and working with the land."" Acreage from ""6+ acres."" Land address inferred from the rural street contact address. Accepted groups: lesbians implied by the directory; nonlesbian women from ""We welcome."" ""No men."" Focus: publishing and photography; ""summer Ovulars""; ""ecology and alternative technology""; ""no... drugs or dope."" Womanspirit is a feminist spirituality magazine, but spirituality is not stated as a purpose here."
55,51,3,,19,1983,March/April,,PO Box 718,Fayetteville,AR,72702,,,,,,,,"A land trust that tried ""multiple-ownership (partnership)"" land holding; the land ""wound up in legal dissolution eventually."" Some members ""persevere in the spirit""; a large wimmin's community exists in the area, and a land search there ""may be fruitful.""","OZARK WIMMIN'S LAND TRUST PO Box 718, Fayetteville, AR 72702. We have tried multiple-ownership (partnership) type of land holding. The pieces of land wound up in legal dissolution eventually. Some of us persevere in the spirit. We cannot guarantee to answer letters, but if you are prepared to spend a little time in the area, a land search may be fruitful. A large wimmin's community exists.","Not a listing of land: LAND DISSOLVED. Printed under the editors' note ""These groups don't have land, perse, but we decided to include them for your information."" Recorded as an end-of-land mention, like the ""folded"" mentions in LC Dec 1982. No type, groups, or focuses coded."
56,14,3,,19,1983,March/April,Peggy Gallagher,Box 19,Bryantville,MA,02327,,,,,,,,"Letter from Peggy Gallagher of Feathers Farm correcting its phone number in Part 1 of the Directory, stating ""we don't own Feathers Farm, at least not yet,"" and asking readers interested in biodynamic agriculture or conservation/ecology action to write. Warns against ""unrealistic attitudes toward 'wimmin on land'"" and against getting ""too smug about '3000 acres of women-owned land'.""","Dear Ambitious Amazons: Thanks for the Land Directory and including us, it might be a problem, however, that our phone number was misprinted. Our real phone can be rung at (617)585-8826. We tried out the # as printed and it doesn't belong to anyone, fortunately. Anyway you could add that we'd like to hear from any of your readers who are seriously interested in biodynamic agriculture or conservation/ecology action. Furthermore, I'd like to point out again that we don't own Feathers Farm, at least not yet, and that even groups with more people and a deed are usually burdened, as we are, with immense ongoing financial pressures. I mention this because I have noticed recurring and unrealistic attitudes toward ""wimmin on land"" which range from idealizing our self-sufficiency to guilt-baiting out non-urban ""privileges."" Our desire to share the experience of the land is large and sincere (hospitality is central in our value system), but we are also thus more vulnerable to getting ripped off or imposed upon by bad attitudes. I applaud the Land Directory and your generous efforts in making it happen, hoping it is a big step toward valuable networking among the land groups themselves, as well as a way for us to reach out to travelling and urban lesbians. But it is important, in my opinion, for the ""sisterhood"" and the very survival of land groups to discuss and understand what can and often does go wrong, why groups don't make it, how to build a political analysis beyond our interactions with each other, the land and sexual identities. Let us not get too smug about ""3000 acres of women-owned land"" - we could fr'instance do another questionnaire to find out just what are all these wimmin doing on land, how many of us are actually secure in a modest financial sense? How might urban wimmin find appropriate ways to fit into our constant reality and vice versa? --Thanks, Peggy Gallagher, Feathers Farm, Box 19, Bryantville, MA 02327 (617)585-8826","Not a listing: a letter ""with corrections and comments to Part 1 of the Directory."" Continues on p. 20. Corrects the phone number printed in LC Dec 1982 (585-3826) to 585-8826. States ""we don't own Feathers Farm, at least not yet""; the 1982 observation keeps type 3 (land in the process of private acquisition). No type, groups, or focuses coded."
57,33,4,,22,1983,June/July,,1085 Greenwood Rd,Elk,CA,95432,1085 Greenwood Rd,Elk,CA,95432,,,0,"Lavender Hill was sold to the Hare Krishna ""last month"" and is ""NO LONGER WOMIN'S LAND."" Sad for those who lived there, but good for the women, ""many of them crones,"" who had money invested and wanted it out.","LAVENDER HILL (listed in VI,1) 1085 Greenwood Rd, Elk, CA 95432 - was sold last month to the Hare Krishna. So, it is NO LONGER WOMIN'S LAND, it is not a place for womin to visit, and we have lost it. It is sad for those of us who lived there, but good for those womin (many of them crones) who had money invested and wanted it out. Time to move on.","Not a listing: LAND SOLD. An update on the LC Dec 1982 listing (""listed in VI,1""): ""was sold last month to the Hare Krishna. So, it is NO LONGER WOMIN'S LAND."" num_residents is 0: ""those of us who lived there."" The sale was ""good for those womin (many of them crones) who had money invested and wanted it out."""
58,52,4,3,22,1983,June/July,Reggie Odom & Eileen Kennedy,86 Rossmore Rd #3,Jamaica Plain,MA,02130,,Frankfort,ME,04438,"Frankfort, ME",93,0,"Two radical lesbians, 34 and 37, living in Boston with 93 acres of woods in Frankfort, Maine, planning to build ""as soon as financially possible ('83 or '84)"" and eventually to form a small lesbian community on the land. Especially interested in older lesbians, artists, and dykes with girl children. No drugs, alcohol or tobacco.","REGGIE ODOM & EILEEN KENNEDY 86 Rossmore Rd #3, Jamaica Plain, MA 02130 (617)522-2472. If we haven't replied within 15 days, write us c/o General Delivery, Frankfort, ME 04438, where our land is located. We are two radical lesbians, ages 34 & 37, who are currently living in city with plans to build as soon as financially possible ('83 or '84). Eventually, want to form small lesbian community on land; especially interested in hearing from older lesbians, artists, dykes with girl children. We welcome: new members/residents (in future), girl children, nonlesbian women. No drugs, alcohol, tobacco. We have/are: 2 lesbians, 93 acres, camping space, woods.","Continues on p. 23. Typed as Private/Individual Land: two women with ""our land,"" not yet living on it and not yet recruiting (""new members/residents (in future)""); compare Duffy Z Baum's land. num_residents is 0: ""currently living in city with plans to build."" Land in Frankfort, ME (""where our land is located""); mail to Jamaica Plain, MA. Accepted groups: lesbians implied by the directory; the rest from ""We welcome."" Focus: ""especially interested in hearing from older lesbians""; ""No drugs, alcohol, tobacco."""
59,53,4,4,23,1983,June/July,,Box 130-Castine Rd,Orland,ME,04472,Box 130-Castine Rd,Orland,ME,04472,,10,,"A women's center offering intensive residential courses and retreats from spring to fall ""to expand the heart, challenge thinking, and offer practical tools and experience,"" on 10 acres adjoining several hundred acres of wild land. Welcomes new members, workshop participants and guides, apprentices, staff, private retreatants and artists in residence, and ""all wild women, whatever stage or age on the feminist journey.""","HARDSCRABBLE HILL CENTER Box 130-Castine Rd, Orland, ME 04472 (207)469-7112. From Spring to Fall our intensive residential courses and retreats for women expand the heart, challenge thinking, and offer practical tools and experience. We welcome: new members/residents, workshop participants, workshop guides, internships-apprentices, staff, private retreatants, artists in residence. We welcome all wild women, whatever stage or age on the feminist journey, creating new names as we go. We have: 10 acres of land adjoining several hundred wild, housing/permanent structures, plumbing/electricity in some buildings, camping space, woods, bio-dynamic garden, women living and workin' the land.","Typed as Retreat/Gathering Space: ""intensive residential courses and retreats for women,"" a center by function (compare Who Farm Inc). num_residents left blank: ""women living and workin' the land,"" number not stated. Acreage counts only the ""10 acres of land adjoining several hundred wild."" Land address inferred from the rural box contact address. Accepted groups: lesbians implied by the directory; nonlesbian women from ""all wild women, whatever stage or age."" Focus: courses; ""artists in residence."""
60,54,4,3,23,1983,June/July,Linda Tisdale/Carol Shoreborn,RFD 2 Box 3085,Dexter,ME,04930,RFD 2 Box 3085,Dexter,ME,04930,,30,4,"A small family of two lesbians and two girls on 30 acres surrounded by undeveloped land, with cleared trails for hiking, picnics and camping. No housing for visitors, but campers welcome if they can carry everything in and out; camping near the road for differently abled lesbians. The family doesn't smoke, drink or use drugs.","LINDA TISDALE/CAROL SHOREBORN RFD 2 Box 3085, Dexter, ME 04930 (207)924-5172. We are a small family of 2 lesbians, 2 girl children, 1 dog, 4 cats, 1 horse (soon to be more). We've cleared trails for hiking, picnics, camping, etc. Our 30 acres is surrounded by 100's of acres of unused, undeveloped land at present. We currently have no housing for other lesbian visitors but we welcome campers. Must be able to hike to campsite carry all needs in and out! Camping available near road for differently abled lesbians. We do not smoke, drink, use drugs. We welcome: girl children (boys by invitation only!), nonlesbian women, dogs. We have/are: 2 lesbians, 2 girl children, 30 acres of land, housing/permanent structures, electricity, well water, outhouse, camping space, woods, women living and workin' on the land.","Typed as Private/Individual Land: ""a small family of 2 lesbians, 2 girl children,"" not recruiting members. num_residents is 4 (""2 lesbians, 2 girl children""). Acreage counts only ""Our 30 acres,"" not the surrounding ""100's of acres of unused, undeveloped land."" Land address inferred from the RFD box contact address. Accepted groups: lesbians implied by the directory; boy children ""by invitation only!"" Focus: ""Camping available near road for differently abled lesbians""; ""We do not smoke, drink, use drugs."""
61,42,4,2,23,1983,June/July,,RD 1 Box 156,Alpine,NY,14805,RD 1 Box 156,Alpine,NY,14805,,143,,"Additional information on Northwoods: retreat and healing space, mostly primitive camping at $2-5 a day; a visitor kitchen likely, a sauna in progress, two ponds for swimming. 143 acres, almost all uphill, so accessibility is poor. Work welcomed; chemicals discouraged.","NORTHWOODS RD 1 Box 156, Alpine, NY 14805. This is additional info to our listing in VI,2. We can offer retreat and healing space mostly in the form of primitive camping - $2 to $5 a day if you can. Our accessibility is unfortunately poor (143 acres almost all uphill.) We'll probably have a visitor kitchen so please bring your own food, the sauna is in progress and both ponds are fine for swimming. Work is welcomed. Chemicals are discouraged.","Addendum to its LC Mar/Apr 1983 listing (""additional info to our listing in VI,2""). Type unchanged from that listing. Acreage ""143 acres"" (the Mar/Apr 1983 listing gave 150). num_residents not stated. Land address inferred from the RD box contact address. Accepted groups: lesbians implied by the directory; no one else named. Offers ""retreat and healing space mostly in the form of primitive camping."" ""Our accessibility is unfortunately poor."" Focus: ""Chemicals are discouraged."""
62,55,4,3,23,1983,June/July,,RD 5,Dillsburg,PA,17019,RD 5,Dillsburg,PA,17019,Between Harrisburg and Gettysburg,20,1,"One woman homesteader, farmer and carpenter on 20 acres between Harrisburg and Gettysburg, with beef and dairy cows, chickens, bees, fruit trees and a garden. Not a separatist; ""cannot accomodate flag-waving, breast-baring sisters."" Visits of 2-3 days by work exchange; no drugs, cigarettes, pets or guns. Prefers a phone call first.","ONEIDA FARM RD 5, Dillsburg, PA 17019 (717)432-2157. (Between Harrisburg and Gettysburg.) I am a homesteader/farmer/carpenter on 20 acres with cows (beef and milk), chickens, bees, fruit trees, garden I am not a separatist and cannot accomodate flag-waving, breast-baring sisters. Visits (limited to 2-3 days) require work exchange. No drugs, cigarettes, pets, guns. Visitors are expected to bring own food, etc. Non-lesbian women welcome. I prefer that you telephone so that we get to know each other before we set up a visit. I have a house, barn, electricity, woods, farmland, pasture.","Typed as Private/Individual Land: one woman homesteading, not recruiting members. num_residents from ""I am a homesteader/farmer/carpenter on 20 acres."" Land address inferred from the RD contact address. Accepted groups: lesbians implied by the directory; ""Non-lesbian women welcome."" Focus: farming (beef and milk cows, chickens, bees); ""No drugs, cigarettes."" Rejects separatism: ""I am not a separatist and cannot accomodate flag-waving, breast-baring sisters."""
63,56,4,1,23,1983,June/July,,21300 Heathcote Rd,Freeland,MD,21053,21300 Heathcote Rd,Freeland,MD,21053,35 miles north of Baltimore,35,4,"A new women's community and retreat center 35 miles north of Baltimore: 35 acres of woods, meadow and stream in a land trust, with six buildings, organic gardens, bees, and wood and solar heat. Four lesbians ""with a feminist perspective"" and ties to Baltimore's women's community; developing a retreat center for up to 50 ""as a business to support the place and members.""","HEATHCOTE WOMENS COMMUNITY 21300 Heathcote Rd, Freeland, MD 21053 (301)343-1070. We are a new wom'ns community/retreat center, 35 miles north of Baltimore. We have/are: 4 lesbians with a feminist perspective, support for political involvement, strong ties with Baltimore wom'ns community, 35 acres of woods, meadow, stream in a land trust, 6 buildings, organic gardens, bees, wood and solar heat, electricity/plumbing, camping and indoor space. We are developing the retreat center (facilities for up to 50) as a business to support the place and members. Local jobs are possible with wom'n landscaping company, wom'ns printing shop. Long and short term commitment. We welcome: visitors, new members, all women of all colours and persuasions, girl and boy children. It's a wonderful place and we want to share it!","Typed as Land Trust: ""35 acres of woods, meadow, stream in a land trust""; describes itself as ""a new wom'ns community/retreat center."" num_residents 4 by inference: ""4 lesbians,"" a ""community"" with 6 buildings and ""members,"" though the form does not state that they live on the land. Land address inferred from the rural street contact address. Accepted groups from ""all women of all colours and persuasions, girl and boy children."" Focus: ""organic gardens... wood and solar heat."" Welcomes ""all women of all colours and persuasions"" (inclusive, not recruiting women of color, so no women-of-color focus). Developing the retreat center ""as a business to support the place and members."""
64,57,4,3,23,1983,June/July,Nan and Ruth,PO Box 63,Unger,WV,25447,,,,,"Between Berkeley Springs, WV and Winchester, VA",20,2,"Two lesbian musicians who own 20 acres between Berkeley Springs, WV and Winchester, VA, where they built a passive solar shell with friends' help. They work away from the land for now; small-scale farming and a few animals are a short-range goal. Especially welcome non-competitive musicians and singers. No drugs, tobacco or heavy drinkers.","WE DON'T HAVE A NAME YET c/o Nan and Ruth, PO Box 63, Unger, WV 25447 (304)258-5079. (Between Berkeley Springs, WV and Winchester, VA.) We own 20 acres on which we built a passive solar shell this summer with the help of friends. We have to work away from the land at this point, but one of us is trying to find local work to be able to be more in touch with the land (small-scale farming and a few farm animals are a short-range goal). We are musicians & especially welcome non-competitive musicians and singers. We welcome: non-lesbian wimmin, girl & boy children (parental supervision a must), males, medium to small dogs (females only, please). Bring food to share. No drugs, tobacco, or heavy drinkers. We have/are: 2 lesbians, 20 acres, housing & permanent structures, electricity, camping space, woods, farmland, a male dog (does not get along with other male dogs), wimmin living (full time) and working (part time) on the land.","Heading reads ""WE DON'T HAVE A NAME YET""; named from the contact, ""Nan and Ruth."" Typed as Private/Individual Land: ""We own 20 acres,"" two women, not recruiting members. num_residents from ""wimmin living (full time)"" and ""2 lesbians."" They ""work away from the land at this point."" Land location given only as ""Between Berkeley Springs, WV and Winchester, VA""; the contact is a PO box. Accepted groups: all six; ""males"" of unstated orientation. Focus: ""passive solar shell""; musicians; farming as ""a short-range goal""; ""No drugs, tobacco, or heavy drinkers."""
65,58,4,2,23,1983,June/July,,Rt 1 Box 240,Guysville,OH,45735,Rt 1 Box 240,Guysville,OH,45735,hilly southeastern Ohio,55,3,"Three to five wimmin on 55 acres in hilly southeastern Ohio, with a house, a barn, a second house under construction, goats, gardens, woods and a pond; working both on and off the land. Wimmin and children welcome for up to a week in exchange for food and work (remodeling, house building, daily chores).","MOON RIDGE Rt 1 Box 240, Guysville, OH 45735. We are 3-5 wimmin on 55 acres in hilly southeastern Ohio. We have a house with electricity and a barn and another house under construction. We have dogs, cats, goats, gardens, woods, pond, camping space, farmland, wimmin living and working on and off the land. We welcome wimmin and children to stay up to a week for help with food and work exchange (house remodeling - house building - daily survival chores).","Typed as Intentional Community/Cooperative: ""3-5 wimmin,"" no individual owner named. num_residents is the minimum of ""3-5 wimmin,"" with ""wimmin living and working on and off the land."" Land address inferred from the rural route contact address. Accepted groups from ""We welcome wimmin and children"" (no ""We welcome:"" form list). Members work ""on and off the land."""
66,59,4,3,23,1983,June/July,,Rt 2 Box 8,Iron,MN,55751,Rt 2 Box 8,Iron,MN,55751,"near Virginia; Northern Minnesota, ten miles from town, access to a small lake",3,1,"One lesbian offering ""country living with privacy for womyn"" on 3+ acres in northern Minnesota near Virginia, ten miles from town, with access to a small lake, a house, sauna and organic garden. Womyn of all ages welcome; visits by work exchange and/or cash. Dogs if restrained.","WHISPERING WINDS Rt 2 Box 8, Iron, MN 55751 (near Virginia). Country living with privacy for womyn. Located in Northern Minnesota, ten miles from town - access to a small lake. Company of womyn of all ages welcomed. Dogs if restrained. Visits require work exchange and/or cash. I am/have: 1 lesbian, 3+ acres, house/permanent structures, electricity, well, camping space, organic garden, sauna, 2 dogs, cat, woods.","Typed as Private/Individual Land: one woman (""I am/have: 1 lesbian""). num_residents 1 by inference: her contact is the rural route address, with a house and her own animals, though she does not say she lives there. Acreage from ""3+ acres."" Land address inferred from the rural route contact address. Accepted groups from ""Company of womyn of all ages welcomed."""
67,60,4,2,23,1983,June/July,,Box 266 Rt 1,Ava,MO,65608,Box 266 Rt 1,Ava,MO,65608,,,3,"Three lesbians on their land seeking ""janes-of-all trades and travelin wimmin"" to help build campsites, housing, and ""a cooperative system of crop sharing/gardening."" Ongoing projects: bridges and roads, gardening, woodcutting, fencing, campsites and shelters. Describes itself as an ""Inactive group with hopes to revive.""","D W OUTPOST Box 266 Rt 1, Ava, MO 65608 (417)683-5664. We want to establish contact with janes-of-all trades and travelin wimmin: join our efforts to establish campsites, housing, and a cooperative system of crop sharing/gardening. Ongoing projects include bridge and road construction, gardening, selecting and cutting wood, fencing, building campsites and shelters, and gathering materials. We welcome: new members/residents, girl children, nonlesbian women. We have/are: 3 lesbians, land, housing/permanent structures, plumbing/electricity, camping space (no sites), woods, farm land, women living and workin' on the land. Inactive group with hopes to revive.","INACTIVE: ""Inactive group with hopes to revive."" Continues on p. 24. Typed as Intentional Community/Cooperative: three women on the land recruiting members for ""a cooperative system of crop sharing/gardening."" num_residents from ""3 lesbians"" plus ""women living and workin' on the land."" No acreage given (""land""). Land address inferred from the rural route contact address. Accepted groups: lesbians implied by the directory; the rest from ""We welcome."" Focus: ""crop sharing/gardening."""
68,61,4,3,24,1983,June/July,Arlene & Arline,PO Box 511,Desert Hot Springs,CA,92240,,,CA,,25 miles NE of Palm Springs in a rural desert area,5,2,"Two lesbian feminists, lovers of 15 years, on a 5-acre desert farm 25 miles NE of Palm Springs for three of their nine rural years, raising vegetables, herbs, chickens, goats, bees and fruit trees. They live simply (no TV) and share their skills with ""wimmin oriented lesbians (non-racist, non-classist etc)"" interested in rural life.","ARLENE & ARLINE PO Box 511, Desert Hot Springs, CA 92240 (619)329-8916. (25 miles NE of Palm Springs in a rural desert area). We are two lesbian feminists, lovers of 15 years. We have been rural wimmin for 9 years, 3 years of which on our farm. We raise our own vegetables, herbs, chickens, goats, bees, fruit trees; many flowers. We live simply and creatively (no TV) and do enjoy sharing our skills with wimmin oriented lesbians (non-racist, non-classist etc) interested in rural life. We welcome: girl children. We have/are: 2 lesbians, 5 acres, housing/permanent structures, plumbing/electricity.","Typed as Private/Individual Land: ""two lesbian feminists, lovers of 15 years,"" on ""our farm,"" not recruiting members. num_residents from that description. Land location given only as ""25 miles NE of Palm Springs in a rural desert area""; the contact is a PO box. Accepted groups: ""wimmin oriented lesbians""; girl children from ""We welcome."" Focus: farming; ""sharing our skills."" Visitors must be ""non-racist, non-classist etc"" (a condition, not recruiting women of color, so no women-of-color focus)."
69,62,4,3,24,1983,June/July,,1220 Georgetown Rd,Cool,CA,95614,1220 Georgetown Rd,Cool,CA,95614,,,1,"A thriving commercial dairy and cheese plant with truck gardening, homestead animals and horses, six dwellings, a spa, greenhouse, pond, barns and pasture. The owner invites lesbians to lease part of the commercial operations or buy shares in the property; requires money, responsibility, animal experience, and belief in ""ecologically run, woman owned commercial farming."" No drugs.","KIDS-LL-EAT IVY FARM 1220 Georgetown Rd, Cool, CA 95614 (916)823-3009. A thriving commercial dairy and cheeseplant, truck gardening, various homestead animals and horses. Six dwellings with all conveniences, spa, greenhouse, pond, barns, pasture. I welcome lesbians to lease out part of commercial operations or buy shares in the property. Requires money and responsibility. Must have country-living-animal experience and be interested, as well as believe in, ecologically run, woman owned commercial farming. NO DRUGS.","Typed as Private/Individual Land: one woman's commercial farm; she invites lesbians ""to lease out part of commercial operations or buy shares in the property"" (business partners, not community members). num_residents 1 by inference: the owner at the farm's address. No acreage given. Land address inferred from the rural street contact address. Accepted groups: ""I welcome lesbians."" Focus: commercial dairy and truck gardening; ""ecologically run... commercial farming""; ""NO DRUGS."""
70,63,4,2,24,1983,June/July,,9380 Hebo Rd,Grand Ronde,OR,97347,9380 Hebo Rd,Grand Ronde,OR,97347,,120,6,"A commune of pacifist vegetarians on 120 acres practicing organic agriculture, permaculture and communal child raising; one lesbian and five nonlesbians, women and men, living and working on the land. Listed by LC as not a women's land group, but one that welcomes lesbians.","FOLLY FARM 9380 Hebo Rd, Grand Ronde, OR 97347 (503)879-5649. We are pacifists, vegetarians, and we practice organic agriculture, permaculture, and communal child raising. We welcome: new members/residents, girl and boy children, nonlesbian women. We have/are: 1 lesbian, 5 nonlesbians, 120 acres, housing/permanent structures, plumbing/electricity, camping space, woods, farm land, women and men living and working on the land.","NOT WOMEN'S LAND: listed under the note ""The following is not a women's land group, but it does welcome lesbians as visitors or members."" Typed as Intentional Community/Cooperative: a commune practicing ""communal child raising."" num_residents is 6 (""1 lesbian, 5 nonlesbians""), women and men. Land address inferred from the rural street contact address. Accepted groups from ""We welcome,"" plus gay and non-gay men: ""males"" are not on the welcome list, but men are members living on the land (""women and men living and working on the land""), orientation not stated. Focus: ""organic agriculture, permaculture."" Also pacifist and vegetarian (no matching focus)."
71,64,4,4,24,1983,June/July,,Box 176,Wascott,WI,54890,,,WI,,,10,,"A women's resort and campground on 10 wooded acres with 260 feet of lake frontage: three two-bedroom housekeeping units, campsites with electric hook-ups, hot showers and a camper lounge; swimming, fishing, canoeing, riding and skiing. Owned by one lesbian, with other lesbians planning events and sharing management.","WILDERNESS WAY Box 176, Wascott, WI 54890 (715)466-2635. Wilderness Way is located on 10 wooded acres with 260 feet of lake frontage. There are 3 two bedroom housekeeping units each with fully equipped kitchen and bath, and living room area. The campground includes electric hook-ups, indoor bathroom facilities with hot showers and an indoor camper lounge area. Swimming, fishing, canoeing, bicycling, hiking, horseback riding and cross country skiing. Owned by 1 lesbian. Other lesbians active in planning special events and sharing management tasks. We welcome: nonlesbian women, girl and boy children, cats and dogs.","NOT EXACTLY A LAND GROUP: listed under the note ""These groups don't have land, per se, or they aren't exactly land groups, but we included them for your information."" Included because it is a women's campground on its own 10 acres (compare North Crow Vacation Ranch). Typed as Retreat/Gathering Space. ""Owned by 1 lesbian. Other lesbians active in planning special events and sharing management tasks."" num_residents not stated. Also advertised in this issue's classifieds (""VACATION: at a resort/campground for women on lake in NW Wisc."")."
72,27,4,2,22,1983,June/July,DOE Farm,Rt 2,Norwalk,WI,54648,Rt 2,Norwalk,WI,54648,,80,,"Classified ad for Wisconsin Womyn's Land (DOE Farm): 80 secluded acres with a campground, farming and workshops; camping equipment and chemical-free space available; sliding scale. Looking for resident members.","WISCONSIN WOMYN'S LAND: 80 secluded acres. Campground, farming, workshops. Camp equip and chem free space avail. Sliding scale. Looking for resident members too. DOE Farm, Rt 2, Norwalk, WI 54648.","From a classified ad; not in this issue's directory. Second observation of Wisconsin Womyn's Land Co-op (first: LC Dec 1982). Type as in 1982; ""Looking for resident members too."" Land address inferred from the rural route contact address. Lesbian women inferred from LC's readership (""for, by & about lesbians""). Focus: ""Campground, farming, workshops""; ""chem free space."""
73,65,4,3,22,1983,June/July,Kringle/Wood,"Route 2, Box 205",Rice Lake,WI,54868,"Route 2, Box 205",Rice Lake,WI,54868,in Wisc.,210,,"Classified ad for a woman-owned and operated 210-acre dairy farm in Wisconsin offering paid training in country living, farming and homesteading: animal care, woodlot management, carpentry, fencing, crop production, machinery repair, plumbing, cement work. $1000 for three months with room and board, or $400 for one month.","LEARNING BY DOING: skills in country living/farming/homesteading on woman-owned and operated 210 acre dairy farm in Wisc. Cost: $1000 for a 3 month program. Includes room, board and personal instruction in skills you want to learn, eg animal care, woodlot management, carpentry, fencing, crop production, machinery repair, plumbing, cement work, etc. Or $400 for intensive one-month program in skills you choose. Kringle/Wood, Route 2, Box 205, Rice Lake, Wisconsin 54868.","From a classified ad. No community name given; the headline ""LEARNING BY DOING"" names the program. Named from the contact, ""Kringle/Wood."" Typed as Private/Individual Land: ""woman-owned and operated 210 acre dairy farm."" num_residents not stated. Land address inferred from the rural route contact address. A paid skills program: $1000 for 3 months, or $400 for one month. Lesbian women inferred from LC's readership (""for, by & about lesbians""). Focus: dairy farm and crop production; ""personal instruction in skills."""
74,25,3,2,16,1983,March/April,Mary/Jan,Rt #1 Box 215,Millfield,OH,45761,Rt #1 Box 215,Millfield,OH,45761,"near Athens, OH",,,"Classified ad seeking ""feminist pioneers"" to begin a rural women's community near Athens, Ohio; older feminists especially welcome; illustrated brochure available.","FEMINIST PIONEERS: to begin rural women's community near Athens, OH. Older feminists especially welcome. Send SASE for illustrated brochure to Mary/Jan, Rt #1 Box 215, Millfield, OH 45761.","From a classified ad (""LOOKING FOR..."" section); Susan B Anthony Memorial Unrest Home is not in this issue's directory. Identified by its address (Rt 1 Box 215, Millfield, OH 45761, as in LC Dec 1982). Type as in 1982. Land address inferred from the rural route contact address. Accepted groups: lesbians inferred from LC's readership; nonlesbian women from ""Feminist pioneers"" (compare Womanshare's ""feminist retreat""). Focus: ""Older feminists especially welcome."""
75,52,5,3,7,1986,March/April,Eileen Kennedy,91 Rossmore Rd #3,Jamaica Plain,MA,02130,,Frankfort,ME,04438,"Frankfort, ME, 12 mi from Belfast; mid-coast",100,0,"A 39-year-old working-class lesbian separatist, artist and environmental educator with 100 acres in Frankfort, Maine, and ""a long-time dream of an intergenerational Lesbian community,"" including a lesbian burial ground. Living in Boston but building on the land May, Sept and Oct 1986; needs dykes to cabin-sit or rent cheaply through the winter. Welcomes older lesbians, artists, working-class and 12-step dykes. No alcohol or drugs.","DUTCH MOUNTAIN c/o Eileen Kennedy, 91 Rossmore Rd #3, Jamaica Plain, MA 02130 (617)522-2472 (Frankfort, ME, 12 mi from Belfast; mid-coast). I am a 39-year-old working class Lesbian separatist, artist and environmental educator with a long-time dream of an intergenerational Lesbian community (from infancy to very elderly), including a Lesbian burial ground. I'm currently living in Boston, but building May, Sept & Oct 86 - finally! Write c/o General Delivery, Frankfort, ME 04438 while I'm building. I will need a dyke(s) to cabinsit or rent real cheap through winter and maybe longer. I welcome: new members/residents, girl children, older lesbians, artists, working class dykes, 12-step Program dykes. No alcohol or drugs of any kind. I have/am: 1 lesbian, 100 acres, housing/permanent structure this year, camping space, woods, uncultivated farmland.","Second observation of this land (first: LC June/July 1983, as ""Reggie Odom & Eileen Kennedy""; same contact, phone and Frankfort, ME land). Now one woman (""I have/am: 1 lesbian""). Typed as Private/Individual Land: one owner not yet living on the land (compare Duffy Z Baum's land). num_residents is 0: ""currently living in Boston, but building May, Sept & Oct 86."" Acreage 100 (1983 gave 93). Accepted groups: lesbians implied by the directory; girl children. Nonlesbian women not named (1986 default: not welcome unless stated). Plans include ""a Lesbian burial ground."" Focus: separatism, working-class, older and 12-step dykes, artists; ""No alcohol or drugs of any kind."""
76,14,5,2,7,1986,March/April,,PO Box 19,Bryantville,MA,02327,,,MA,,off Rte 27 at Kingston & Pembroke Town Line on Silver Lake,100,3,"Scenic grounds on Silver Lake with easy access to Boston and Cape Cod, offering meaningful work experience and secluded outdoor space to groups and individuals for workshops and retreats. Rough accommodations (outhouse, barn kitchen), ponds, organic gardens, small livestock, bees; camping by $6/night donation. Two women with a girl child on 100 acres, now welcoming new members.","FEATHERS FARM PO Box 19, Bryantville, MA 02327 (617)585-8826 (off Rte 27 at Kingston & Pembroke Town Line on Silver Lake). We offer scenic grounds and meaningful work experience with easy access to Boston and Cape Cod - secluded outdoor space available to groups and individuals for workshops, retreats, etc. Accomodations are rough (outhouse, barn kitchen) - ponds for swimming, fishing, canoe - organic gardens, small livestock, bees. Usual donation for camping $6 a night. We welcome: new members, girl & boy children, non-lesbian women, males (maybe), dogs on leashes, horses. BYO food. We have/are: two with a girl child, 100 acres, 1 house, plumbing/electricity, camping space, woods, farmland, women living and working on the land.","Third observation of Feathers Farm (LC Dec 1982 listing; LC Mar/Apr 1983 letter). Phone now 585-8826, as the 1983 letter corrected. Typed as Intentional Community/Cooperative: now ""We welcome: new members,"" with women living on the land (1982: type 3, a couple hosting visitors). num_residents is 3: ""two with a girl child."" Offers space ""for workshops, retreats, etc."" to outside groups, so no workshops focus. Accepted groups from ""We welcome""; males ""(maybe),"" orientation not stated. Focus: ""organic gardens, small livestock, bees""; ""meaningful work experience."""
77,54,5,3,8,1986,March/April,Linda & Carol,"RFD 2, Box 3085",Dexter,ME,04930,"RFD 2, Box 3085",Dexter,ME,04930,End of #10 Rd; central Maine,30,3,"Two (sometimes more) lesbians and Carol's 11-year-old daughter living on 30 acres surrounded by forest in central Maine; chemical free; growing much of their own food, with horses, chickens, ducks, cats and a dog. Self-sufficient lesbian campers welcome for as long as they like; monthly full-moon celebrations open to all lesbians.","GATHERING GROUND c/o Linda & Carol, RFD 2, Box 3085, Dexter, ME 04930 (207)924-5172 (End of #10 Rd). We are two (sometimes more) lesbians living on 30 acres surrounded by hundreds of other acres of forest in central Maine. We are chemical free. We share space with Carol's 11-year-old daughter, 3 horses, 10 chickens, 3 ducks, 6 cats and 1 dog. We grow much of our own food. Lesbians are welcome to camp on our land whenever and for as long as they like. They must be self-sufficient and carry all trash out and leave camping space as they found it. We have full moon celebrations on Sat evening closest to full moon every month - all lesbians welcome to share/join us. We welcome: girl children, nonlesbian women. We have/are: 2 lesbians, 1 nonlesbian, 30 acres, housing/permanent structures, plumbing/electricity, camping space, woods, slowly clearing farmland, women living and working on the land.","Second observation of this land (first: LC June/July 1983, as ""Linda Tisdale/Carol Shoreborn""; same RFD address and phone). Typed as Private/Individual Land: ""two (sometimes more) lesbians,"" a family, not recruiting members. num_residents is 3: two lesbians and ""Carol's 11-year-old daughter""; the form's ""1 nonlesbian"" is read as the daughter. Land address inferred from the RFD box contact address. Accepted groups from ""We welcome""; boy children, welcomed ""by invitation"" in 1983, are not mentioned. Focus: ""We are chemical free""; ""We grow much of our own food""; ""full moon celebrations... every month."""
78,66,5,2,8,1986,March/April,Chris,PO Box 16,Troy,ME,04987,,,ME,,tucked away in the woods of Central Maine,10,1,"""A sanctuary for women, plants, animals"": one lesbian homesteading on ten wooded acres in central Maine since summer 1981, carrying her water, growing and preserving her food, making cheese from her goats, cutting her own firewood and building with scrap lumber. Other lesbians have sometimes shared the land. Welcomes new members/residents.","CHRIS OF COVENTREE PO Box 16, Troy, ME 04987. A sanctuary for women, plants, animals. I started homesteading on a ten acre piece of land tucked away in the woods of Central Maine summer of '81. Doe goats, cats, a dog and sometimes other lesbians have shared this homeland with me. I carry my water, plant and preserve the food I grow in my garden and the cheese I make, heat with firewood I mostly cut myself, build with scrap lumber. I welcome: new members/residents, girl children, nonlesbian women (maybe). I have/am: 1 lesbian, 10 acres, 2 housing/permanent structures, camping space, woods, farmland, women living and working on the land.","Typed as Intentional Community/Cooperative: one woman living on the land and welcoming ""new members/residents"" (the recruiting rule; compare Cedar). num_residents from her own account of homesteading there. Land location given as ""tucked away in the woods of Central Maine""; the contact is a PO box. Accepted groups: lesbians implied by the directory; nonlesbian women ""(maybe)""; girl children. Focus: homesteading, growing and preserving food, cheese, firewood."
79,67,5,2,8,1986,March/April,Maggie Laird,RD Box 99,Stamford,NY,12167,RD Box 99,Stamford,NY,12167,"between Albany and Binghamton, NY on Steiber Rd",30,1,"One lesbian on 30 wooded acres on Steiber Rd between Albany and Binghamton, with an old house, a stream and primitive camping; her two college-age sons live there part-time. Lesbian couples have stayed and ""love the peaceful quiet."" One spare bedroom. No hard drugs, guns or heavy drinking.","DEER SONG c/o Maggie Laird, RD Box 99, Stamford, NY 12167 (607)652-5057(weekends only). Located between Albany and Binghamton, NY on Steiber Rd. Lesbian couples have stayed here and love the peaceful quiet. 30 miles to a lesbian support group. For now, my two college age sons are part-time dwellers, also dogs and cats. One spare bedroom so Winter is not best for staying. I welcome: new members/residents, girl children (maybe), boy children under 10 to visit, dogs on leash. Please, no hard drugs, guns or heavy drinking. Bring your own groceries. Donations appreciated but not necessary. I have/am: 1 lesbian, 2 nonlesbians, 30 acres, old house, plumbing/electricity, primitive camping space with stream, lots of woods, possible farmland, woman living and working on the land.","Typed as Intentional Community/Cooperative: one woman living on the land and welcoming ""new members/residents"" (compare Chris of Coventree). num_residents is 1: ""woman living and working on the land""; her ""two college age sons are part-time dwellers"" (the form's ""2 nonlesbians"") and are not counted or coded as accepted men. Land address inferred from the RD box contact address. Accepted groups: lesbians implied by the directory; girl children ""(maybe)""; boy children ""under 10 to visit."" ""No hard drugs, guns or heavy drinking"" (no recovery focus)."
80,41,5,2,8,1986,March/April,Susun Weed,3136 Fishcreek,Saugerties,NY,12477,3136 Fishcreek,Saugerties,NY,12477,near Woodstock,50,4,"Laughing Rock Farm (formerly Rowdybush), ""safe space for womyn"" and separatist land since 1978: a working homestead on 50 acres near Woodstock with goats, poultry, fruit, vegetable and herb gardens, a solar greenhouse, and private swimming places. Offers ""separatist space for healing"" to ""all womyn (lesbians or not)"" short-term. The Wise Woman Center on the land offers herbal medicine and spirit healing workshops, intensives and apprenticeships.","LAUGHING ROCK FARM/WISE WOMAN CENTER c/o Susun Weed, 3136 Fishcreek, Saugerties, NY 12477 (near Woodstock). Laughing Rock Farm is safe space for womyn. Maintained as separatist land for 8 years (since '78), Laughing Rock (formerly Rowdybush) is a working homestead with goats, ducks, geese, chickens, cats, fruit, veg and herb gardens, lots of private (clothes off) playing and swimming places, solar greenhouse, and a trillion tons of rock. It is our belief that all womyn (lesbians or not) need separatist space for healing; we offer it, on short-term basis. The Wise Woman Center, offers herbal medicine and spirit healing workshops, intensives, and apprenticeships. We welcome: girl children, nonlesbian women. We have/are: 2 lesbians, 2 nonlesbians, 50 acres, housing/permanent structures, plumbing/electricity, camping space, woods, women living and working on the land.","Second observation (first: LC Mar/Apr 1983 as ROWDYBUSH FARM; ""Laughing Rock (formerly Rowdybush)""). Typed as Intentional Community/Cooperative, as in 1983. num_residents is 4 (""2 lesbians, 2 nonlesbians,"" ""women living and working on the land""). Acreage 50 (1983 gave 45). Land address inferred from the rural street contact address. Separatism now means women-only: ""all womyn (lesbians or not) need separatist space for healing""; nonlesbian women live there and are welcome (1983: lesbians only). Focus: ""separatist land""; working homestead; ""workshops, intensives, and apprenticeships""; ""solar greenhouse."""
81,68,5,2,8,1986,March/April,,5440 Rt 96,Romulus,NY,14541,5440 Rt 96,Romulus,NY,14541,outside the Seneca Army Depot,53,,"A permanent women's peace vigil on 53 acres outside the Seneca Army Depot, ""the largest nuclear weapons storage site in the world"": an open, changing feminist community working collectively by consensus, with communal vegetarian meals. All permanent structures are wheelchair accessible; chem-free spaces on the land.","SENECA WOMEN'S ENCAMPMENT FOR A FUTURE OF PEACE & JUSTICE 5440 Rt 96, Romulus, NY 14541 (607)869-5825. We are a permanent vigil for peace and justice outside the Seneca Army Depot, the largest nuclear weapons storage site in the world. We are an open, constantly changing, feminist community struggling to overcome oppression and militarism both outside our community and within it. We welcome all women who respect our commitment to non-violence and consensus process for short and long-term stays. Work is done collectively, and all meals are communal and vegetarian. All permanent structures are wheelchair accessible, and there are chem-free spaces on the land. We welcome: new members/residents, girl & boy children, nonlesbian women. We have/are: many lesbians and nonlesbians, 53 acres, housing/permanent structures, electricity, woods, camping space, women living and working on the land.","Typed as Intentional Community/Cooperative: ""an open, constantly changing, feminist community""; ""Work is done collectively."" num_residents left blank: ""many lesbians and nonlesbians."" Land address inferred from the encampment's route address. Accepted groups: ""all women who respect our commitment to non-violence and consensus process""; nonlesbian women named; girl and boy children. Focus: ""All permanent structures are wheelchair accessible""; ""chem-free spaces on the land."" Its purpose, ""a permanent vigil for peace and justice outside the Seneca Army Depot,"" has no matching focus (a peace focus was considered and not added)."
82,56,5,2,8,1986,March/April,,21300 Heathcote Rd,Freeland,MD,21053,21300 Heathcote Rd,Freeland,MD,21053,35 miles from Baltimore,35,4,"Four lesbians, ""down from 7 over the summer,"" on 35 acres 35 miles from Baltimore, with five buildings, conference facilities, a solar greenhouse and gardens organic for 20 years. ""In big transitions"": ""everything is up in the air,"" and they are ""struggling for ways to live harmoniously as a group."" Describes itself as ""an inactive group with hopes to revive.""","HEATHCOTE COMMUNITY 21300 Heathcote Rd, Freeland, MD 21053 (301)343-0280 (35 miles from Baltimore). We are presently 4 lesbians, down from 7 over the summer. We are in big transitions, and are hoping to focus our energies this winter to achieve some concrete goals. Right now it feels like everything is up in the air. Miscommunication is a common theme in our lives and we're struggling for ways to live harmoniously as a group instead of as separate individuals ""tolerating"" each other. We welcome: new members/residents, girl children, nonlesbian women. We're not into drugs. We have/are: 4 lesbians, 35 acres, 5 buildings, conference center facilities, solar greenhouse, plumbing/electricity, camping space, woods (25 acres), limited farmland, a lot of gardens - 20 years organic, friendly neighbors, women working the land, an inactive group with hopes to revive.","INACTIVE: ""an inactive group with hopes to revive."" Second observation (first: LC June/July 1983, as HEATHCOTE WOMENS COMMUNITY). Typed as Intentional Community/Cooperative from this listing, which does not mention the land trust named in 1983. num_residents is 4: ""presently 4 lesbians, down from 7 over the summer."" ""Miscommunication is a common theme in our lives."" Land address inferred from the rural street contact address. Accepted groups from ""We welcome."" Focus: ""solar greenhouse... 20 years organic""; ""We're not into drugs."""
83,57,5,3,8,1986,March/April,Nan or Ruth,"South Morgan Dr, Box 65",Berkeley Springs,WV,25411,,Unger,WV,,"Unger, WV",20,2,"Two lesbian musicians on 20 acres in Unger, WV, finishing the owner-built passive-solar home begun in 1982. They sponsor women-only concerts every June and September as Rural Women's Productions and run a consulting and woodworking business. No drugs; moderate alcohol; smoking restrictions.","GREENSTALK c/o Nan or Ruth, South Morgan Dr, Box 65, Berkeley Springs, WV 25411 (304)258-5079 (Unger, WV). In 1982, construction of an owner-built, passive-solar home began and is nearing completion. We're musicians and sponsor women-only concerts every June and Sept as Rural Women's Productions. We run a consulting and woodworking business. We welcome: nonlesbian women, males. No drugs, moderate alcohol, smoking restrictions, bring food to share. We have/are: 2 lesbians, 20 acres, 1 house, 1 permanent structure, plumbing/electricity, unlimited camping space, woods, women living on the land.","Second observation (first: LC June/July 1983, headed ""WE DON'T HAVE A NAME YET,"" c/o Nan and Ruth; same phone, Unger WV, 20 acres, and the passive-solar home begun in 1982). Typed as Private/Individual Land: two women, ""owner-built"" home, not recruiting members. num_residents from ""2 lesbians"" and ""women living on the land."" Land city from ""(Unger, WV)."" Accepted groups from ""We welcome""; ""males"" of unstated orientation. Focus: concerts as ""Rural Women's Productions""; ""passive-solar home""; ""No drugs, moderate alcohol."" Also ""a consulting and woodworking business""; farming, a 1983 goal, is not mentioned."
84,21,5,2,8,1986,March/April,Duffy Z Baum,PO Box 678,Carrboro,NC,27510,,Pittsboro,NC,,"rural Pittsboro, NC",50,2,"50 acres of hardwoods, pines and three fields with a finished house in rural Pittsboro, NC, now with two lesbians living there. The owner wants ""other women [to] build houses and live on the land"" and is open to selling 5-10 acres. Near a large, active lesbian political community in Durham.","HERLAND c/o Duffy Z Baum, PO Box 678, Carrboro, NC 27510 (919)942-5340 (Located in rural Pittsboro, NC). The property is a mixture of hardwoods and pines with 3 fields and one finished house on 50 acres. I am interested in having other women build houses and live on the land. I am also open to selling 5-10 acres. There is a large, active lesbian political community about 35 miles away in Durham. Herland is about 35 miles from Raleigh and 20 miles from Chapel Hill. Unemployment in this area is 2% and the growth rate is overwhelming. We welcome: new members/residents, girl & boy children. We have/are: 2 lesbians, 50 acres, 2 permanent structures/housing, plumbing/electricity, camping space, woods, farmland, women living on the land.","Second observation (first: LC Dec 1982, as ""DUFFY Z BAUM""; same contact, phone and Pittsboro land). Typed as Intentional Community/Cooperative: two women now living on the land (1982: none), wanting ""other women [to] build houses and live on the land."" num_residents from ""2 lesbians"" and ""women living on the land."" Also ""open to selling 5-10 acres."" Land city from ""rural Pittsboro, NC."" Accepted groups: lesbians implied by the directory; girl and boy children. Notes ""a large, active lesbian political community about 35 miles away in Durham"" and ""Unemployment in this area is 2%."" The 1982 ""haven for older dykes"" is not mentioned."
85,44,5,2,9,1986,March/April,Gwen O Demeter,Rt 5 Box 100,Holly Springs,MS,38635,Rt 5 Box 100,Holly Springs,MS,38635,,40,2,"An ""intentional family of four"" caretaking 40 acres: two wimmin living on the land and two in different cities sharing financial and emotional responsibility, helped by extended-family visitors with the farmwork. Interests include spiritual development, organic farming, prosperity thinking and networking. Offers training in ""survival back to the earth skills"": organic gardening, woodswomanship, natural healing, carpentry, plumbing.","SILVER CIRCLE FARM c/o Gwen O Demeter, Rt 5 Box 100, Holly Springs, MS 38635. We are presently two wimmin living on the land and two wimmin living in different cities who share financial/emotional responsibilities for caretaking 40 acres. We are an intentional family of four who enjoy the support of several other extended family members who visit regularly to help with the farmwork and enjoy its special energy. Our interests include spiritual tolerance and development, organic farming, prosperity thinking and being, networking, and providing a working example of an alternative to patriarchal patterns. We give training in survival back to the earth skills: organic gardening, woodswomanship, natural healing, carpentry, plumbing, etc. We welcome: new members/residents, girl & boy children, nonlesbian women, dogs on leash. We have/are: 4 lesbians, 40 acres, housing/permanent structures, electricity, outhouse, running water in kitchen, camping space, woods, farmland, women living and working on the land.","Second observation (first: LC Mar/Apr 1983, ""a collective of seven wimmin""). Typed as Intentional Community/Cooperative: ""an intentional family of four,"" recruiting new members. num_residents is 2: ""two wimmin living on the land""; two more ""living in different cities... share financial/emotional responsibilities."" Land address inferred from the rural route contact address. Accepted groups from ""We welcome."" Focus: ""organic farming""; ""training in survival back to the earth skills""; organic gardening. ""Spiritual tolerance and development"" is listed among interests (not coded)."
86,23,5,1,9,1986,March/April,,PO Box 337,Monticello,KY,42633,,,KY,,7 mi from Monticello,250,,"""An all wimmin's space, open to membership"" on 250 acres seven miles from Monticello, KY: a land trust whose purposes are ""To hold land in perpetuity, for wimmin to form community, to grow food organically, to provide education of alternative skills."" Supportive members use the land; community members live there and own their own improvements. 30 lesbian and 3 nonlesbian members.","SPIRAL WIMMIN'S LAND TRUST PO Box 337, Monticello, KY 42633 (606)348-5215 (7 mi from Monticello). Spiral is an all wimmin's space, open to membership. Supportive Membership is for wimmin to use the land for camping/workshops or just to be supportive. Community Membership entitles one to live here, be part of the community and own one's own improvements. In brief, our purposes say: To hold land in perpetuity, for wimmin to form community, to grow food organically, to provide education of alternative skills, etc. We welcome: new members/residents, girl children, nonlesbian women. We have/are: 30 lesbians, 3 nonlesbians, 250 acres, 1 house, 1 barn, electricity, camping space, woods, farmland, women living and working on the land.","Second observation (first: LC Dec 1982, as ""SPIRAL""). Now a land trust: ""To hold land in perpetuity, for wimmin to form community."" num_residents left blank: ""30 lesbians, 3 nonlesbians"" are members, and ""Supportive Membership"" does not involve living there, while ""Community Membership entitles one to live here""; the split is not given. Acreage 250 (1982 gave 300). Land state from ""7 mi from Monticello"" (Monticello, KY); the contact is a PO box. Accepted groups from ""We welcome."" Focus: ""to grow food organically, to provide education of alternative skills."""
87,25,5,2,9,1986,March/April,,RR 1 Box 215,Millfield,OH,45761,RR 1 Box 215,Millfield,OH,45761,"near Athens, OH; near Ohio University in the Appalachian hills",152,2,"Two lesbians on 152 acres near Athens, Ohio, in the Appalachian hills, inviting ""women-identified-women who want to consider living in a rural community."" No immediate source of income on the land.","SUSAN B ANTHONY MEMORIAL UNREST HOME RR 1 Box 215, Millfield, OH 45761 (near Athens, OH). We are near Ohio University in the Appalachian hills. We invite discussion with women-identified-women who want to consider living in a rural community. There is no immediate source of income on the land. We welcome: new members/residents, nonlesbian women, dogs. We have/are: 2 lesbians, 152 acres, housing/permanent structures, plumbing/electricity, woods, camping space, women living on the land.","Third observation (LC Dec 1982 listing; LC Mar/Apr 1983 classified ad). Typed as Intentional Community/Cooperative: two women on the land, still recruiting ""new members/residents."" num_residents from ""2 lesbians"" and ""women living on the land."" Acreage 152 (1982 gave 150). Land address inferred from the rural route contact address. Accepted groups: lesbians implied by the directory; nonlesbian women named (""women-identified-women""); children no longer listed. ""There is no immediate source of income on the land."" The 1982 emphasis on older feminists is not repeated."
88,69,5,2,9,1986,March/April,,Rt 1 Box 209-A,E Jordan,MI,49727,Rt 1 Box 209-A,E Jordan,MI,49727,NW Michigan 1 hr from Traverse City - Jordan River Valley,40,6,"A lesbian-feminist spiritual community on 40 acres in the Jordan River Valley of northwest Michigan, bought in May 1985, with two small houses, a barn and apple trees. Its ""primary focus"" is spiritual, ""with a commitment to aid the healing of the Earth Mother""; vegetarian, with shared incomes. Plans wimmin's gatherings, lesbian spiritual circles, a liaison with area Native wimmin, and a healing space for wimmin needing sanctuary.","O.W.L. SANCTUARY Rt 1 Box 209-A, E Jordan, MI 49727 (616)536-2903 (NW Michigan 1 hr from Traverse City - Jordan River Valley). In May '85 land, with two smallish houses, a barn, apple trees, critters and nature spirits, was purchased. We see our primary focus as a spiritual one, experiencing and developing our psychic, spiritual and nature-all inter-connectedness with a commitment to aid the healing of the Earth Mother. Our spirituality is eclectic in its background and manifestations, but has a decidedly Lesbian Feminist emphasis. The community space is considered basically vegetarian and incomes are shared. Future goals include sponsoring wimmin's gatherings and events, creating ongoing Lesbian spiritual circles, establishing a liaison with area Native wimmin and offering a healing, contemplative space to wimmin needing sanctuary. We welcome: new members/residents in Fall '86, wimmin of color, girl children, dogs. We have/are: 6 lesbians, 40 acres, housing/permanent structures, plumbing/electricity, woods, women living on the land.","Typed as Intentional Community/Cooperative: ""The community space is considered basically vegetarian and incomes are shared."" num_residents from ""6 lesbians"" and ""women living on the land."" Land bought ""In May '85."" Land address inferred from the rural route contact address. New members/residents welcome ""in Fall '86."" Accepted groups: lesbians implied by the directory; girl children. Focus: ""our primary focus as a spiritual one""; ""We welcome... wimmin of color""; ""a liaison with area Native wimmin."""
89,70,5,2,9,1986,March/April,,Rt 1 Box 88,Ellsworth,MI,49729,,Atwood,MI,,"Atwood, on Lake Michigan in NW lower peninsula",70,2,"Two lesbians in a ""clean and sober, nicotine-free"" 80-year-old stone cabin on 70 acres near Lake Michigan, with a large garden and hookups for a trailer; adjoining acreage for sale. Visions of ""a woodworking collective, berry and fruit farm, writer's hermitage, and horses once the land is paid off (Dec '86)."" Especially welcomes Native American women and other dykes of color.","MAPLE ROW FARM Rt 1 Box 88, Ellsworth, MI 49729 (616)599-2013 (Atwood, on Lake Michigan in NW lower peninsula). We live in a clean and sober, nicotine-free 80-year-old stone cabin with 2 cats. We have a car, truck and motorcycle, a 30' x 50' garden, a foundation for another building, and septic and electrical hookups available for a trailer. Many adjoining acreages for sale. Visions are for a woodworking collective, berry and fruit farm, writer's hermitage, and horses once the land is paid off (Dec '86). We welcome: new members/residents, girl children, Native American Women, other dykes of color, dogs. We have/are: 2 lesbians, 70 acres, housing/permanent structures, plumbing/electricity, camping space, woods, farmland, women living and working on the land.","Typed as Intentional Community/Cooperative: two women living on the land and welcoming ""new members/residents."" num_residents from ""We live"" and ""2 lesbians."" Land city from ""(Atwood, on Lake Michigan...)""; mail goes to Ellsworth. The land is to be ""paid off (Dec '86)""; ""Many adjoining acreages for sale."" Accepted groups: lesbians implied by the directory; girl children. Focus: ""Native American Women, other dykes of color""; ""clean and sober, nicotine-free""; planned ""berry and fruit farm,"" ""writer's hermitage,"" ""woodworking collective."""
90,27,5,2,9,1986,March/April,,Rt 2 Box 42,Norwalk,WI,54648,Rt 2 Box 42,Norwalk,WI,54648,west central Wisconsin,80,4,"The Wisconsin Womyn's Land Co-op's DOE (Daughters of Earth) Farm: 80 hilly, secluded acres in west central Wisconsin with a wooded campground (some chemical-free space), hayfield, orchard, garden and berries. Four year-round residents, more in summer; 6-15 lesbians in the group and 125 members. Ten-year anniversary in 1987. Sliding-scale fees.","WICONSIN WOMYN'S LAND CO-OP - D.O.E. FARM Rt 2 Box 42, Norwalk, WI 54648 (608)269-5301. WWLC owns DOE (Daughters of Earth) Farm. The land is hilly, secluded, and very beautiful; half wooded campground (some chemical free space), half hayfield, orchard, garden, berries, etc, in west central Wisconsin. Four year-round residents, more in summer. Ten-year anniversary in '87. We welcome: new members/residents, girl children, nonlesbian womyn. Sliding scale fees. We have/are: 6-15 lesbians in group, 125 members almost all lesbians, 80 acres, housing/permanent structures, plumbing/electricity, camping space, woods, farmland, women living and working on the land.","Third observation (LC Dec 1982 listing; LC June/July 1983 classified ad). Type as before. num_residents: ""Four year-round residents, more in summer."" Membership: ""6-15 lesbians in group, 125 members almost all lesbians"" (1982: ""175 members""). Land address inferred from the rural route contact address. Accepted groups from ""We welcome""; boy children, welcomed ""'til age of 2"" in 1982, no longer listed. Focus: hayfield, orchard, garden, berries; ""some chemical free space."""
91,28,5,,9,1986,March/April,Lanning,Box 8742,Minneapolis,MN,55408,,,MN,,Central Minnesota,80,2,"Two lesbians on 80 acres in central Minnesota with housing, plumbing/electricity, camping space, woods and idle farmland, living on the land part-time; chem-free.","THE WEB c/o Lanning, Box 8742, Minneapolis, MN 55408 (Central Minnesota). We have/are: 2 lesbians, 80 acres, housing/permanent structures, plumbing/electricity, camping space, woods, idle farmland, women living on the land part-time, chem-free.","Second observation (first: LC Dec 1982). A bare listing: no description, only the ""We have/are"" form. Type left blank: the listing gives nothing to type it by (1982: type 2). num_residents is 2, ""women living on the land part-time."" Land state from ""(Central Minnesota)""; the contact is a Minneapolis PO box. Accepted groups: lesbians implied by the directory; nothing else named. Focus: ""chem-free."""
92,45,5,4,9,1986,March/April,,Rt 1 Box 137L,Red Rock,TX,78662,Rt 1 Box 137L,Red Rock,TX,78662,"Between Bastrop and Lockhart, south of Austin",9,2,"A women's hermitage on 9 wooded acres between Bastrop and Lockhart, south of Austin: ""a space for women to discover themselves as whole women"" and ""to heal our bodies through diet, exercise, and rest,"" which ""belongs to, and is created by, all the women who come here."" Its purpose is healing, transformation, and ""unity consciousness on the Planet."" Two women live on the land.","EARTH CURRENT WOMENS HERMITAGE Rt 1 Box 137L, Red Rock, TX 78662 (512)764-2706 (Between Bastrop and Lockhart, south of Austin). The Hermitage is located on 9 acres of wooded land with Post Oak, Cedar, and Mesquite. On this land we are creating a space for women to discover themselves as whole women. We as women with our experiences on this planet have a strong need to heal. The Hermitage is a space for us to begin to heal our bodies through diet, exercise, and rest. The Hermitage belongs to, and is created by, all the women who come here. Our purpose is to heal, to open the path for transforming ourselves and the world, and to establish unity consciousness on the Planet. We welcome: girl & boy children, nonlesbian women, dogs on a leash. We have/are: 2 lesbians, 9 acres, 1 permanent structure, electricity, camping space, woods, 2 women living on the land.","Continues on p. 10. Second observation (first: LC Mar/Apr 1983 as EARTH CURRENT FARM; same address and phone). Now a healing hermitage: typed as Retreat/Gathering Space by function, ""a space for women to discover themselves... to heal,"" ""created by all the women who come here."" num_residents: ""2 women living on the land"" (1983: ""6 lesbians, 4 on the land""). Acreage 9 (1983: 18). Land address inferred from the rural route contact address. Accepted groups from ""We welcome."" Focus: ""to establish unity consciousness on the Planet."" Healing through ""diet, exercise, and rest"" (no health focus). The 1983 farm plans and no-drugs rule are not repeated."
93,61,5,3,10,1986,March/April,,PO Box 511,Desert Hot Springs,CA,92240,,,,,beautiful desert country with big skies filled with stars,5,2,"Two lesbian lovers, rural for ten years, growing their own food with milk goats, chickens, bees and fruit trees on 5 acres of desert, living ""simply and happily, without TV and media."" Welcome lesbian visitors who appreciate rural life and physical work and are working to ""eradicate their racist, classist, ageist, anti-Semitic conditioning."" ""We are ethnic women.""","ARLENE & ARLINE PO Box 511, Desert Hot Springs, CA 92240 (619)329-8916. We are lovers who have lived rurally for the past 10 years. We grow our own food, have milk-goats, chickens, bees, and fruit trees. We live simply and happily, without TV and media, in beautiful desert country with big skies filled with stars. We enjoy visits from lesbians who have an appreciation of rural life and physical work, who are making an effort to eradicate their racist, classist, ageist, anti-Semitic conditioning. We are ethnic women. We welcome: girl children. We have/are: 2 lesbians, 5 acres, housing/permanent structures, plumbing/electricity, camping space, desert land with much vegetation and trees, women working the land.","Second observation (first: LC June/July 1983). Typed as Private/Individual Land: a couple, not recruiting members. num_residents from ""We are lovers... We live simply and happily"" in ""desert country."" Land not located in this listing (1983: ""25 miles NE of Palm Springs""); the contact is a PO box. Accepted groups: lesbians implied by the directory; girl children. Focus: ""We grow our own food, have milk-goats, chickens, bees."" Visitors must be ""making an effort to eradicate their racist, classist, ageist, anti-Semitic conditioning."" Self-described: ""We are ethnic women"" (not coded as the women-of-color focus: self-description, not recruitment, and ""ethnic"" is not specified)."
94,47,5,3,10,1986,March/April,,Rt 1 Box 174,Montague,CA,96064,Rt 1 Box 174,Montague,CA,96064,,,2,"Two lesbians running a ranching business: bees, honey, pollination services and beekeeping equipment; Bashkir Curly horses and standardbred donkeys; poultry, waterfowl and exotic birds; and mail-order t-shirts, caps and rubber stamps, including a line of women's designs. Welcome correspondence from other ranching women; no visitor facilities.","BEE SONG HONEY FARMS Rt 1 Box 174, Montague, CA 96064. Raise and sell bees and honey, provide pollination services, make and sell beekeeping equipment. Also breed, raise and train Bashkir Curly horses and standardbred donkeys, plus breed and raise a wide variety of poultry, waterfowl and exotics, including peafowl, rare pheasants and emus. Make and sell mail order t-shirts, caps and rubber stamps relating to bees, donkeys, mules, etc, as well as a line of women's designs. Welcome correspondence from other ranching women; no visitor facilities at present. We have/are: 2 lesbians, housing/permanent structures, plumbing/electricity, farmland, women living and working on the land.","Second observation (first: LC Mar/Apr 1983). Typed as Private/Individual Land: two women, not recruiting members. num_residents from ""2 lesbians"" and ""women living and working on the land."" No acreage given (1983: 22). Land address inferred from the rural route contact address. Accepted groups: none coded: ""no visitor facilities at present""; welcomes only ""correspondence from other ranching women"" (compare Susan Stone's land). Focus: bees, pollination, horse, donkey and poultry breeding; ""a line of women's designs."" A ranching business; the 1983 apprenticeships and permaculture are not mentioned."
95,35,5,2,10,1986,March/April,CK,PO Box 44,Seal Rock,OR,97376,,,OR,,central Oregon coast,23,1,"One lesbian on 23 very rural acres on the central Oregon coast with primitive cabins and many camping spaces; ""many skills to share""; work trades welcome. Invites others to ""help realize your dreams and mine."" Describes itself as an ""Inactive group with hopes to revive.""","PENTHESILEIA c/o CK, PO Box 44, Seal Rock, OR 97376 (503)563-3643. Inactive group with 23 acres plus some primitive cabins. Many skills to share. Very rural, very private, many camping spaces, and trees. Appreciate work trades for space sharing. Come share and experience the mild central Oregon coast climate, help realize your dreams and mine. Call Carol before 5 am or between 5-8:30 pm. Bon Voyage. I welcome: new members/residents, girl & boy children under control, dogs under 100% control. I have/am: 1 lesbian, 23 acres, housing/permanent structure, electricity, lots of camping space, woods, farmland, women living and working on the land, inactive group with hopes to revive.","INACTIVE: ""Inactive group with hopes to revive."" Second observation (first: LC Dec 1982 as PENTHESILEIA, INC; same phone). Typed as Intentional Community/Cooperative: one woman living on the land and welcoming ""new members/residents"" (1982: type 4, an educational organization). num_residents is 1 (""I have/am: 1 lesbian""). Acreage 23 (1982: 60). Land state from ""central Oregon coast""; the contact is a PO box. Accepted groups: lesbians implied by the directory; children ""under control."" Focus: ""Many skills to share."""
96,1,5,1,10,1986,March/April,,PO Box 1692,Roseburg,OR,97470,,Days Creek,OR,,"Located in Days Creek, OR",150,,"Open women's land on 150 acres in Days Creek, OR, ""dedicated to provide women access to land, especially those women who would otherwise be denied,"" funded by contributions from women around the country; quarterly newsletter to 250 women. Looking for women to live and work on the land. Raising funds for the remaining mortgage, as the former owners ""are threatening us with monthly foreclosure.""","OREGON WOMEN'S LAND TRUST PO Box 1692, Roseburg, OR 97470 (Located in Days Creek, OR ). OWLT is open Women's Land dedicated to provide women access to land, especially those women who would otherwise be denied. We are funded by contributions from women around the country. We have a newsletter that is sent quarterly, with an active mailing list of 250 women. At present, we are looking for women to live and work on the land. We are currently raising funds to pay the remaining mortgage, as the former owners (mortgage holders) are threatening us with monthly foreclosure. We welcome: new members/residents, girl children, boy children upon agreement, nonlesbian women, dogs. We have: 150 acres, housing/permanent structures, camping space, woods, farmland, women living on the land.","Fourth observation (LC Sept 1976; LC Mar/Apr 1983 Owl Farm and OWLT listings). Type 1: ""open Women's Land dedicated to provide women access to land."" num_residents left blank: ""women living on the land,"" number not stated; ""looking for women to live and work on the land."" Land city from ""(Located in Days Creek, OR)."" Acreage 150 (1983: 147; 1976: 145). Facing foreclosure: ""raising funds to pay the remaining mortgage, as the former owners (mortgage holders) are threatening us with monthly foreclosure."" Newsletter mailing list of 250 women. Accepted groups from ""We welcome""; boy children ""upon agreement."" ""Especially those women who would otherwise be denied"" (not coded as working-class; class is not named)."
97,36,5,2,10,1986,March/April,,886 Raven Ln,Roseburg,OR,97470,886 Raven Ln,Roseburg,OR,97470,13 miles west of Roseburg,50,6,"Six lesbians on 50 acres 13 miles west of Roseburg who ""relate independently of one another"" and ""come together for processing big decisions""; ""dedicated to mother nature and... into goddess identification,"" preserving the land ""as wild as much as possible"" and replanting ""to make up for patriarchal cutting."" Welcome girls, teens and older lesbians.","RAINBOW'S END 886 Raven Ln, Roseburg, OR 97470 (503)673-7649 (13 miles west of Roseburg). We relate independently of one another - we come together for processing big decisions. We all love living in the country in the safety of women's land. We are dedicated to mother nature and are into goddess identification. We preserve the land as wild as much as possible. We love trees and plant often to make up for patriarchal cutting. We bless the land and so appreciate her cradling us. Nature is our best reflection. We welcome: girl children, teens and older lesbians. We have/are: 6 lesbians, 50 acres, housing/permanent structures, plumbing/electricity, camping space, woods, farmland, women living and working on the land.","Second observation (first: LC Dec 1982). Typed as Intentional Community/Cooperative: six women who ""relate independently of one another"" but ""come together for processing big decisions."" num_residents from ""6 lesbians"" and ""women living and working on the land."" Land address inferred from the rural street contact address; ""13 miles west of Roseburg."" Accepted groups: lesbians implied and ""older lesbians""; girl children and ""teens"" (read as girls, given the list). Focus: ""goddess identification... We bless the land""; ""preserve the land as wild as much as possible... plant often to make up for patriarchal cutting""; ""older lesbians."" Farming (1982) is not mentioned."
98,49,5,3,10,1986,March/April,Jemma Crae,6012 Coos Bay Wagon Rd,Roseburg,OR,97470,6012 Coos Bay Wagon Rd,Roseburg,OR,97470,,130,2,"130 acres of forested land near Roseburg, woman-owned for ten years, where two lesbians live and work, cutting firewood and thinning and logging for income, with dogs, cats and chickens. Camping $3/day, one-week limit; new residents possibly welcome.","STEPPINGWOODS c/o Jemma Crae, 6012 Coos Bay Wagon Rd, Roseburg, OR 97470. 130 acre forested land woman-owned for 10 years - firewood, thinning logging for income, dogs, cats, chickens. We welcome: new residents (possibly), dogs. We have/are: 2 lesbians, 130 acres, 2 resident structures, plumbing/electricity, camping space ($3/day, 1 week limit), woods, women living and working on the land.","Second observation (first: LC Mar/Apr 1983 as STEPPING WOODS). Typed as Private/Individual Land: ""woman-owned for 10 years""; ""new residents (possibly)"" is tentative, not active recruiting. num_residents from ""2 lesbians"" and ""women living and working on the land."" Land address inferred from the rural street contact address. Accepted groups: lesbians implied by the directory; nonlesbian women and children not named. ""Firewood, thinning logging for income"" (1983 said ""thinning and reforestation""; no environmental focus coded)."
99,50,5,2,10,1986,March/April,,2000 King Mtn Trail,Sunny Valley,OR,97497,2000 King Mtn Trail,Sunny Valley,OR,97497,,7,2,"Two lesbians aged 57 and 60 on 7 acres with solar batteries, with strong interests in photography, ecology and alternative technology. Women of all ages welcome for short or long visits if they can adapt to a simple lifestyle ($4/day); welcomes new residents. No guns, drugs or dope.","ROOTWORKS 2000 King Mtn Trail, Sunny Valley, OR 97497. We are 57 & 60 years old with strong interests in photography, ecology and alternative technology. We enjoy the company and help of women of all ages who can adapt to our simple lifestyle for short or long visits. We welcome: new residents, girl children, nonaggressive boy children for daytime visits, not overnight, nonlesbian women, dogs (on leash or in car). No guns, drugs, or dope. Smoking limited to outdoor gravel area. We ask $4/day/woman. We have/are: 2 lesbians, 7 acres, housing/permanent structures, solar batteries, camping space, woods, women living on the land.","Second observation (first: LC Mar/Apr 1983). Typed as Intentional Community/Cooperative: two women living on the land and welcoming ""new residents"" (1983: type 3). num_residents from ""We are 57 & 60 years old"" and ""women living on the land."" Acreage 7 (1983: ""6+""). Land address inferred from the rural street contact address. Accepted groups from ""We welcome""; boy children ""nonaggressive... for daytime visits, not overnight."" Focus: ""ecology and alternative technology,"" ""solar batteries""; ""No guns, drugs, or dope."" The 1983 publishing center (Womanspirit, The Blatant Image) and Ovulars are not mentioned."
100,9,5,2,10,1986,March/April,,PO Box 681,Grants Pass,OR,97526,,,OR,,forested land in southern Oregon,23,5,"A feminist collective of 5-8 lesbians living on 23 forested acres in southern Oregon, with a main house, women-built cabins and secluded camping. One- to four-day visits when space is available, at $3/day for food and $2-10/day for the land support fund.","WOMANSHARE PO Box 681, Grants Pass, OR 97526 (503)862-2807. WomanShare is a feminist collective of 5-8 lesbians living on forested land in southern Oregon. We have a main house and several women-built cabins and secluded camping spots. The main house has electricity, hot water, and shower. We welcome: girl children, boy children under age 8, nonlesbian women. One-to-four day visits when space is available and we ask $3/day for food and $2-10/day for our land support fund. We have/are: 5-8 lesbians, 23 acres, housing/permanent structures, plumbing/electricity, outdoor toilet, camping space, woods, farmland, women living and working on the land.","Third observation (LC Sept 1976, LC Dec 1982). Typed as Intentional Community/Cooperative: now ""a feminist collective of 5-8 lesbians living on forested land""; it still offers retreat-style visits (""One-to-four day visits... $3/day for food and $2-10/day for our land support fund""), so it is both a community and a retreat, but the listing leads with the collective (1976 and 1982: typed as a retreat). num_residents is the minimum of ""5-8 lesbians."" Land state from ""forested land in southern Oregon""; the contact is a PO box. Accepted groups from ""We welcome""; boy children ""under age 8"" (dropped in 1982, back in 1986). The workshops of 1976 and 1982 are not mentioned."
101,71,2,2,24,1982,December-January,,207 Coastal Hwy-LC,St Augustine,FL,32084,207 Coastal Hwy,St Augustine,FL,32084,small community on ocean,,15,"A residential community of about 15 lesbians on the ocean in St Augustine, FL, with a community center where members can stay for limited visits; membership $10-20/month; cottages rented monthly, two available on one-year leases.","THE PAGODA COMMUNITY 207 Coastal Hwy-LC, St Augustine, FL 32084 (904)824-2970. We are a residential community with a community center where members can stay for limited visits. Membership is $10-$20/mo. We currently have two cottages available for 1 year lease. We welcome: new members/residents (we rent cottages on a monthly basis only), girl children, nonlesbian women (as non-resident members only). We have/are: about 15 lesbians, small community on ocean, housing/permanent structures, plumbing/electricity.","Listed under the editor's note ""These groups don't have land, per se, but we wanted to include them for your information""; included as a lesbian residential community on its own property (decided with the 1986 listing). Typed as Intentional Community/Cooperative: ""a residential community."" num_residents from ""about 15 lesbians."" ""-LC"" in the address is LC's reply code. Land address from the community's own address. Accepted groups from ""We welcome""; nonlesbian women ""as non-resident members only."""
102,71,5,2,11,1986,March/April,,207 Coastal Hwy,St Augustine,FL,32084,207 Coastal Hwy,St Augustine,FL,32084,ocean,,15,"A small lesbian residential community of 10 separately owned oceanfront cottages in St Augustine, FL, with a cultural/spiritual center, feminist library and health food store. Only lesbians can rent or own; all women can become members and stay in the center. Vegetarian, no-alcohol, no-smoking rules on the center's main floor; no pets or nudity. 15 resident lesbians and 90 members nationwide.","PAGODA 207 Coastal Hwy, St Augustine, FL 32084 (904)824-2970. We are a small lesbian residential community (10 separately owned cottages) with a cultural/spiritual center. Only lesbians can rent or own, but all wommin are welcome to become members and stay in one of our four bedrooms in the center as well as use our feminist library and health food store. Rules in our 2-story center: no smoking, no alcohol on main floor, no cooking or eating of meat, fish or fowl on main floor. We have a BBQ pit and flesh may be eaten elsewhere in building. No pets, no nudity on our property or directly in front of us on the beach. We welcome: new members/residents, girl children, nonlesbian women visitors. We have/are: 15 resident lesbians, 90 lesbian/nonlesbian members from all over the country, housing/permanent structures, plumbing/electricity, ocean, women living and working on the land.","Second observation (first: LC Dec 1982 as THE PAGODA COMMUNITY). Listed in the ""GUEST HOUSES/RETREATS/ETC"" section. Typed as Intentional Community/Cooperative: ""a small lesbian residential community (10 separately owned cottages)."" num_residents from ""15 resident lesbians""; ""90 lesbian/nonlesbian members from all over the country."" Land address from the community's own address. Accepted groups: lesbians; nonlesbian women as members and ""visitors""; girl children. Focus: ""Only lesbians can rent or own""; ""a cultural/spiritual center""; ""our feminist library."" Also advertised in this issue's classifieds (p. 17): ""FLORIDA BEACH VACATION: $60/wk/womon. Rooms in community building."""
103,72,5,4,11,1986,March/April,,RFD 2 Box 277,Lincolnville,ME,04849,,Northport,ME,,"Northport, ME; in the heart of Mid-Coast Maine, where the mountains meet the sea",18,,"A guest house for women on 18 acres of fields and woods in Mid-Coast Maine, with comfortable lodging, home-cooked meals, farm animals, and vegetable, herb and flower gardens; open year-round; partial work exchange possible. No drugs or alcohol.","LAUREL RIDGE RFD 2 Box 277, Lincolnville, ME 04849 (207)338-1913 (Northport, ME). Laurel Ridge is a guest house for women on 18 beautiful acres of fields and woods in the heart of Mid-Coast Maine, where the mountains meet the sea. Our rates are very reasonable and our guests enjoy comfortable lodging and delicious home-cooked meals. There are domestic and farm animals about the place, as well as vegetable, herb, and flower gardens. Partial work exchange possible. Open year round. We welcome: nonlesbian women. No drugs or alcohol. We have/are: 18 acres, housing/permanent structures, plumbing, electricity, woods, farmland, camping space, women living and working on the land.","Listed in the ""GUEST HOUSES/RETREATS/ETC"" section; included because it is a women's guest house on its own 18 acres with women living and working on the land (compare Wilderness Way; Sea Gnomes' Home and Half Moon Pines are excluded). Typed as Retreat/Gathering Space. num_residents left blank: ""women living and working on the land,"" number not stated. Land city from ""(Northport, ME)""; mail goes to Lincolnville. Accepted groups: lesbians implied by the directory; nonlesbian women named. Focus: ""No drugs or alcohol."" Also advertised in this issue's classifieds (p. 17): ""LAUREL RIDGE: Northport, Maine. Bed & Breakfast or camping. Women only."""
104,73,5,4,11,1986,March/April,Nell Wagenaar & Rebecca Clark,Rt 1 Box 257,Honor,MI,49640,4115 M-22,Honor,MI,49640,northwest Michigan a mile from Lake Michigan; on Long Lake,1,2,"A wilderness resort for women: three cabins among white pine and oak facing a sandy beach on Long Lake, a mile from Lake Michigan. Looking for women to invest in property, with a dream ""to make this end of Long Lake an all-woman community"": campground, a quiet nesting area for geese and herons, more cabins, a community lodge for workshops. Open year-round.","LABRYS c/o Nell Wagenaar & Rebecca Clark, Rt 1 Box 257, Honor, MI 49640 (616)882-5994 (4115 M-22). Labrys is an inexpensive, synergetic wilderness resort for women located in northwest Michigan a mile from Lake Michigan. We have three cabins nestled among tall White Pine and Oak facing a sandy beach on Long Lake with dock and boats. We are looking for women to invest in property here. Our dream is to make this end of Long Lake an all-woman community, with a possible campground, a quiet area for geese and heron nesting, more cabins and a community lodge for workshops, etc. Open year round. We welcome: new members/residents, girl children, boy children under 12, nonlesbian women. We have/are: 2 lesbians, 1 acre, 3 cabins, plumbing/electricity, woods, women living and working on the land.","Listed in the ""GUEST HOUSES/RETREATS/ETC"" section; included as a women's resort on its own land. Typed as Retreat/Gathering Space: ""wilderness resort for women."" num_residents from ""2 lesbians"" and ""women living and working on the land."" Land street from ""(4115 M-22)""; city, state and zip inferred from the contact address. ""Looking for women to invest in property here""; ""Our dream is to make this end of Long Lake an all-woman community."" Accepted groups from ""We welcome""; boy children ""under 12."" Focus: planned ""quiet area for geese and heron nesting"" and ""community lodge for workshops."""
105,74,5,4,11,1986,March/April,,187 W 19th St,Alton,IL,62002,,,IL,,"Rt 100 North of Kampsville, IL, 1 hr from Alton, 2 hrs from St Louis; by the Illinois River",14,4,"A secluded retreat on 14 acres by the Illinois River, north of Kampsville, for individuals and small groups; ""caters to women, especially lesbians,"" but open to ""alternative humanitarian types, counselors or small businesses needing retreat atmosphere."" The proprietor, a counselor, offers groups and retreats several times a year.","RIVER SPIRIT RETREAT 187 W 19th St, Alton, IL 62002 (618)462-4051 or 653-4349 (retreat) or (314)773-3867 (St Louis). Located Rt 100 North of Kampsville, IL, 1 hr from Alton, 2 hrs from St Louis. River Spirit Retreat is a scenic, secluded retreat for individuals and small groups by the Illinois River. Retreat caters to women, especially lesbians. Open to alternative humanitarian types, counselors or small businesses needing retreat atmosphere. Proprietor is counselor and offers groups and retreats several times a year. We welcome: new members/residents, girl & boy children, nonlesbian women, males. We have/are: 4 lesbians, 14 acres, housing/permanent structures, plumbing/electricity, woods, camping space, women living part-time and working on the land.","Listed in the ""GUEST HOUSES/RETREATS/ETC"" section; included as a retreat on its own 14 acres. Typed as Retreat/Gathering Space: ""a scenic, secluded retreat for individuals and small groups."" Run by a ""Proprietor [who] is counselor,"" open to ""alternative humanitarian types, counselors or small businesses."" num_residents is 4, living there part-time (""women living part-time and working on the land""). Land state and location from ""Located Rt 100 North of Kampsville, IL""; mail goes to Alton. Accepted groups from ""We welcome""; ""males"" of unstated orientation. Focus: the proprietor ""offers groups and retreats several times a year."" Also advertised in this issue's classifieds (p. 17): ""Camping, water beds, massage. Groups welcome,"" with a St Louis PO box (PO Box 23305, St Louis, MO 63156)."
106,75,5,2,19,1986,March/April,D L Schnell,7351 W Monte Vista,Phoenix,AZ,85035,,,AR,,"near Fayetteville, AR",240,20,"Classified ad offering 5 acres near Fayetteville, AR ($70/month) with use of about 140 acres, in a community of ""20 womyn plus lovers and friends living on 240 acres""; ""lots of spiritual outdoor space, open-minded, large lesbian community.""","WOULD YOU LIKE TO OWN: 5 acres near Fayetteville, AR and have use of approx 140 acres - be one of 20 womyn plus lovers and friends living on 240 acres - $70/mth, lots of spiritual outdoor space, open-minded, large lesbian community - write: D L Schnell, 7351 W Monte Vista, Phoenix, AZ 85035.","From a classified ad (""LESBIANS LOOKING FOR LAND LOOKING FOR LESBIANS""); no name given, so named from its location. Typed as Intentional Community/Cooperative: women sharing 240 acres with individually owned parcels (compare Womonground). 5 acres for sale ($70/month), with ""use of approx 140 acres,"" in a community of ""20 womyn plus lovers and friends living on 240 acres."" num_residents counts the 20 womyn. The contact in Phoenix may be the seller rather than a resident. Accepted groups: ""large lesbian community""; ""lovers and friends"" not coded (gender not stated). Near Fayetteville, like Women on Land (LC Sept 1976) and Ozark Wimmin's Land Trust (LC Mar/Apr 1983, whose multiple-ownership land ""wound up in legal dissolution"" but which reported that ""A large wimmin's community exists""). The ad's parcel-sharing arrangement resembles Ozark's model, but no name, address or acreage links them."
107,76,5,3,19,1986,March/April,Ann,11101 Eastside Rd,Ukiah,CA,95482,11101 Eastside Rd,Ukiah,CA,95482,,,,"A women-only commercial ranch near Ukiah, CA, selling pigs, poultry, organic fruit and vegetables, and wood; hiring women to pick vegetables June-October (paid by what they pick, free camping) and seeking a woman or couple for a commitment of at least two years. Long, hot hours.","WOMEN ONLY RANCH NEEDS WOMEN: to pick vegetables from June to October. Free camping. You guarantee 2 days work a week and get paid for what you pick. Must be prepared to work in hot weather! For more info, write Ann, 11101 Eastside Rd, Ukiah, CA 95482. WOMEN ONLY RANCH: is looking for a woman (or perhaps a couple) to make commitment for at least 2 years. Country living skills essential. We sell pigs, poultry, organic fruit and vegetables, and wood. Must work very long hours! For more info, write Ann, 11101 Eastside Rd, Ukiah, CA 95482.","From two classified ads for the same ranch in this issue (""WOMEN ONLY RANCH NEEDS WOMEN"" and ""WOMEN ONLY RANCH""); both recorded here. Typed as Private/Individual Land: a women-only commercial farm hiring seasonal pickers (""get paid for what you pick"") and seeking a woman or couple for a two-year commitment (compare Kids-ll-eat Ivy Farm). Land address inferred from the rural road contact address. Lesbian women inferred from LC's readership. Focus: ""We sell pigs, poultry, organic fruit and vegetables, and wood."""
